,Open Time,Open,High,Low,Close,Volume,Close Time,Quote Asset Volume,Number of Trades,Taker Buy Base Asset Volume,Taker Buy Quote Asset Volume,MA5,MA20,MA10,MA19,MA21,MA18,MA6,MA7,MA8,MA9,MA11,Past_20_Low,Past_19_Low,Past_18_Low,Past_3_Low,Prev_Close,TR1,TR2,TR3,True_TR,S_ATR,E_ATR,Volatility_Pct,Volume_Change,Efficiency_Ratio,Weekly_MA20,Weekly_MA10,Weekly_MA9,Weekly_MA8,Weekly_MA11,Weekly_MA12,HMM_State_Today,HMM_Duration_Today,State_2,Market_Duration
0,2025/2/7,96554.35,100137.99,95620.34,96506.8,31794.22065,00:00.0,3107592434.6738343,5012456,15249.3537,1491114588.559852,97991.804,101952.237,100281.59300000001,101815.1847368421,102053.43904761906,101842.05222222224,98432.445,99003.46142857142,99718.39625,100164.49,100445.34181818181,91231,91231,91231,95676.64,96554.35,4517.650000000009,3583.6399999999994,934.0100000000093,4517.650000000009,4276.588571428574,4497.673095955691,4.678867394374266,0.35207079566039323,0.3734728324936707,85753.524,98624.40599999999,98784.32,98493.66125,98558.55454545455,97833.34083333332,1,2,1,1
1,2025/2/8,96506.8,96880,95688,96444.74,10147.24294,00:00.0,977040267.5158632,1757892,4450.52682,428452764.9047411,97753.046,101549.76550000001,99798.72099999999,101561.2494736842,101692.93047619048,101522.42944444444,97744.30333333333,98157.35285714285,98691.37875,99361.55222222222,99938.43,91231,91231,91231,95620.34,96506.8,1192,373.1999999999971,818.8000000000029,1192,4277.415000000002,4261.5535891017125,1.2351461244181758,-0.680846307,0.3717449796956262,85753.524,98624.40599999999,98784.32,98493.66125,98558.55454545455,97833.34083333332,1,3,1,2
2,2025/2/9,96444.75,97323.09,94713,96462.75,14120.91613,00:00.0,1359495152.3107977,2293192,6663.72875,641795598.1752762,96776.29000000001,101305.424,99069.87100000001,101255.18263157895,101306.66904761906,100983.59166666667,97534.995,97558.65142857144,97943.27625000001,98441.75222222222,99493.81363636363,91231,91231,91231,95620.34,96444.74,2610.0899999999965,878.3499999999913,1731.7400000000052,2610.0899999999965,4251.0242857142875,4143.591904165875,2.7063062226099595,0.39160126681661955,0.30445308215928696,85753.524,98624.40599999999,98784.32,98493.66125,98558.55454545455,97833.34083333332,1,4,1,3
3,2025/2/10,96462.75,98345,95256,97430.82,20572.87537,00:00.0,1999112052.6687863,3475919,9607.62329,933665618.5050192,96516.214,101015.561,98243.852,100745.65263157894,101074.82047619048,100581.15222222224,96724.03333333333,97381.81714285714,97421.66375,97778.77333333333,98832.86,91231,91231,91231,94713,96462.75,3089,1882.25,1206.75,3089,4080.079285714288,4068.2639110111704,3.202272379752806,0.4569079782502754,0.22522581841462763,87397.7235,98552.163,98268.00444444445,97493.50625,98427.89181818183,98383.90416666666,1,5,1,4
4,2025/2/11,97430.82,98478.42,94876.88,95778.2,18647.76379,00:00.0,1806534846.38632,3716586,8594.50066,832320054.8763715,96679.892,100579.911,97743.978,100415.3452631579,100844.85904761904,100221.17888888888,96668.64833333333,96825.00285714286,97387.9425,97422.68111111112,98169.94,91231,91231,91231,94713,97430.82,3601.5399999999936,1047.5999999999913,2553.9400000000023,3601.5399999999936,4085.3807142857154,4034.9264887960862,3.696509995502443,-0.093575232,0.25775851593063803,87397.7235,98552.163,98268.00444444445,97493.50625,98427.89181818183,98383.90416666666,1,6,1,5
5,2025/2/12,95778.21,98119.99,94088.23,97869.99,29151.16625,00:00.0,2800142168.3943653,4992737,13820.70553,1328044257.0401337,96524.662,100183.488,97258.23300000001,99987.33789473683,100351.2580952381,99716.05111111111,96529.61,96541.44142857143,96694.1525,97209.08222222222,97565.2709090909,91231,91231,91231,94713,95778.2,4031.7600000000093,2341.790000000008,1689.9700000000012,4031.7600000000093,4126.601428571431,4034.700311024938,4.209475642682792,0.5632526547570558,0.27586247456378055,87397.7235,98552.163,98268.00444444445,97493.50625,98427.89181818183,98383.90416666666,1,7,1,6
6,2025/2/13,97870,98083.91,95217.36,96608.14,19921.77616,00:00.0,1916988246.3921185,3909456,8852.16215,851823567.0939348,96797.3,99881.4705,97275.17300000001,99618.89,100073.32142857143,99334.00333333334,96748.88333333335,96721.09285714287,96707.51000000001,96824.80111111111,97313.84727272727,91231,91231,91231,94088.23,97869.99,2866.550000000003,213.91999999999825,2652.6300000000047,2866.550000000003,4104.290714285716,3951.2610030945857,2.9289366433980453,-0.316604489,0.3769696744460857,87397.7235,98552.163,98268.00444444445,97493.50625,98427.89181818183,98383.90416666666,1,8,1,7
7,2025/2/14,96608.13,98826,96252.82,97500.48,18173.02646,00:00.0,1768073218.8690157,3499564,9061.31682,881925349.6444213,96829.98000000001,99468.3525,96803.13500000001,99190.53684210527,99725.5976190476,99000.0111111111,96765.77333333333,96728.77714285716,96706.97375,96696.46888888889,97214.53363636365,91231,91231,91231,94088.23,96608.14,2573.179999999993,2217.8600000000006,355.31999999999243,2573.179999999993,3970.0892857142867,3852.8266457306863,2.6635229702176164,-0.087780813,0.24491884865649832,87397.7235,98552.163,98268.00444444445,97493.50625,98427.89181818183,98383.90416666666,1,9,1,8
8,2025/2/15,97500.47,97972.26,97223.58,97569.66,7349.37683,00:00.0,717245393.778092,1694327,3579.14202,349322778.2339769,97037.526,99106.03400000001,96776.87000000001,98921.08842105264,99374.64428571428,98745.43611111112,96941.73,96870.73142857142,96825.24,96795.14111111111,96866.53000000001,91231,91231,91231,94088.23,97500.48,748.679999999993,471.77999999999884,276.8999999999942,748.679999999993,3844.6949999999997,3631.1018853213513,0.7678731427783669,-0.595588723,0.16662418623701028,87397.7235,98552.163,98268.00444444445,97493.50625,98427.89181818183,98383.90416666666,0,1,1,9
9,2025/2/16,97569.67,97704.47,96046.18,96118.12,8191.4249,00:00.0,794694242.2949731,1596701,3719.73063,360842416.66441673,97065.29400000001,98853.517,96872.593,98683.55315789474,99032.87333333334,98536.22166666666,97126.21500000001,97031.43428571429,96958.0975,96907.95333333332,96848.94181818183,91231,91231,91231,95217.36,97569.66,1658.2900000000081,134.80999999999767,1523.4800000000105,1658.2900000000081,3584.1014285714286,3490.1867506555413,1.6995959604655875,0.11457407743235826,0.09354257316994814,87397.7235,98552.163,98268.00444444445,97493.50625,98427.89181818183,98383.90416666666,0,2,0,1
10,2025/2/17,96118.12,97046.59,95205,95780,16492.0451,00:00.0,1584593526.1754675,2831237,8010.41565,769979077.1361973,97133.278,98555.2815,96828.97,98408.95315789474,98723.26,98113.15944444445,96907.43166666666,96982.20142857144,96917.26999999999,96864.76666666666,96804.00454545455,91231,91231,91231,96046.18,96118.12,1841.5899999999965,928.4700000000012,913.1199999999953,1841.5899999999965,2910.714285714286,3372.429839894431,1.9159654808063211,1.013330440226584,0.40716209373800527,88923.529,98053.01599999999,97340.68555555557,97609.9875,98330.88636363637,98235.41083333333,0,3,0,2
11,2025/2/18,95780.01,96753.91,93388.09,95671.74,23368.19471,00:00.0,2223994802.892005,4234248,11432.47367,1088319233.5219896,96715.28,98277.5055,96756.29,97990.36157894737,98423.12523809524,97616.32944444445,96907.73166666667,96746.37,96831.92624999999,96790.90666666668,96733.60909090909,91231,91231,91231,95205,95780,3365.820000000007,973.9100000000035,2391.9100000000035,3365.820000000007,2752.393571428572,3371.957708473401,3.5141156817707317,0.4169373518145425,0.2056396304091217,88923.529,98053.01599999999,97340.68555555557,97609.9875,98330.88636363637,98235.41083333333,0,4,0,3
12,2025/2/19,95671.74,96899.99,95029.99,96644.37,16438.50954,00:00.0,1576817572.1032505,2784225,7173.61807,688586919.9759259,96528,97874.43049999999,96678.98999999999,97513.98263157895,98153.42142857143,97240.895,96541.35666666667,96731.16142857143,96612.04125000001,96703.01666666666,96657.69454545453,91231,91231,91231,93388.09,95671.74,1870,1228.25,641.75,1870,2672.107857142858,3264.675015011015,1.9546001776491155,-0.296543454,0.0031965252549484434,88923.529,98053.01599999999,97340.68555555557,97609.9875,98330.88636363637,98235.41083333333,0,5,0,4
13,2025/2/20,96644.37,98711.36,96415.09,98305,17057.39177,00:00.0,1663386824.7315507,2386973,8356.42859,815056614.173827,96356.778,97470.50200000001,96697.152,97209.49894736843,97815.85619047619,97019.15722222223,96547.395,96556.07285714286,96720.3125,96615.63333333333,96675.84272727273,91231,91231,91231,93388.09,96644.37,2296.270000000004,2066.9900000000052,229.27999999999884,2296.270000000004,2590.172857142858,3195.5032282245147,2.3759997607724115,0.037648317719685354,0.15098774003514384,88923.529,98053.01599999999,97340.68555555557,97609.9875,98330.88636363637,98235.41083333333,0,6,0,5
14,2025/2/21,98305.01,99475,94871.95,96181.98,32249.2814,00:00.0,3143975917.573464,4528525,15313.58184,1493403646.8483028,96503.84599999999,97264.274,96784.56999999999,97086.83315789474,97510.24,97052.73555555557,96681.48166666667,96798.48142857142,96774.68875,96896.38888888889,96843.32,91231,91231,91231,93388.09,98305,4603.050000000003,1170,3433.050000000003,4603.050000000003,2596.2728571428574,3296.0422833513358,4.682416967600838,0.8906337988155386,0.02376131299504092,88923.529,98053.01599999999,97340.68555555557,97609.9875,98330.88636363637,98235.41083333333,0,7,0,6
15,2025/2/22,96181.99,96980,95770.49,96551.01,11268.17708,00:00.0,1087077133.8226364,1506418,5293.28051,510722895.1675426,96516.61799999999,97041.5905,96824.948,97006.90631578947,97212.7361904762,96766.81666666668,96450.20166666666,96610.12428571428,96721.41875000001,96708.83222222222,96729.78909090908,91231,91231,93388.09,94871.95,96181.98,1209.5099999999948,798.0200000000041,411.4899999999907,1209.5099999999948,2597.5235714285714,3147.0042631119545,1.2575224589886742,-0.650591375,0.007603156307923416,88923.529,98053.01599999999,97340.68555555557,97609.9875,98330.88636363637,98235.41083333333,0,8,0,7
16,2025/2/23,96551.01,96650,95227.94,96258,10884.84913,00:00.0,1044392011.791024,1457368,4619.93267,443381984.4110255,96670.81999999999,96984.1115,96693.05,96755.45842105262,97018.22952380952,96699.47666666667,96522.34999999999,96464.60285714285,96602.73499999999,96702.48444444445,96800.04454545454,91231,93388.09,93388.09,94871.95,96551.01,1422.0599999999977,98.99000000000524,1323.0699999999924,1422.0599999999977,2512.664285714286,3023.793958603958,1.4728587510374027,-0.03401863,0.014366313993235796,88923.529,98053.01599999999,97340.68555555557,97609.9875,98330.88636363637,98235.41083333333,0,9,0,8
17,2025/2/24,96258,96500,91349.26,91552.88,31550.10299,00:00.0,2981809595.445377,4972684,14438.63366,1366473567.8747733,96788.072,96730.5855,96658.03600000001,96676.24105263157,96949.53476190477,96679.78611111111,96602.01666666666,96484.58571428571,96438.7775,96564.43111111112,96653.5,93388.09,93388.09,93388.09,94871.95,96258,5150.740000000005,242,4908.740000000005,5150.740000000005,2659.931428571429,3175.7186758465327,5.350973425585411,1.8985337888647429,0.32674936100317914,90595.4335,97232.41699999999,97459.76666666666,97924.9625,97889.83272727275,98158.14583333333,0,10,0,9
18,2025/2/25,91552.88,92540.69,86050.99,88680.4,78333.11111,00:00.0,6962982500.904473,10289145,35822.15275,3183981371.4750504,95769.774,96420.073,96063.276,96409.94894736842,96484.02809523809,96401.92666666667,95915.54,95880.71142857142,95868.1225,95895.9,96193.93090909091,91349.26,91349.26,91349.26,91349.26,91552.88,6489.699999999997,987.8099999999977,5501.889999999999,6489.699999999997,2866.228571428572,3412.43162757178,7.088471711649046,1.4828163361250568,0.36950387839014537,90595.4335,97232.41699999999,97459.76666666666,97924.9625,97889.83272727275,98158.14583333333,0,11,0,10
19,2025/2/26,88680.39,89414.15,82256.01,84250.09,56893.54409,00:00.0,4898429925.636476,8490006,28077.1845,2417690848.8189874,93844.854,96023.4715,95174.35,95995.5305263158,96051.51714285715,95967.12666666665,94588.21166666667,94881.94857142857,94980.6725,95069.48666666666,95392.10545454545,86050.99,86050.99,86050.99,86050.99,88680.4,7158.139999999999,733.75,6424.389999999999,7158.139999999999,3089.5414285714287,3679.982225602367,8.071840000721693,-0.273697377,0.6320866624091165,90595.4335,97232.41699999999,97459.76666666666,97924.9625,97889.83272727275,98158.14583333333,0,12,0,11
20,2025/2/27,84250.09,87078.46,82716.49,84708.58,42505.45439,00:00.0,3618738891.222162,6357581,20355.71969,1732725913.2817628,91458.476,95408.2585,93987.54699999999,95350.4405263158,95462.83428571429,95289.6461111111,92245.72666666667,93111.33714285714,93552.96625,93788.38555555555,94181.23545454546,82256.01,82256.01,82256.01,82256.01,84250.09,4361.970000000001,2828.37000000001,1533.5999999999913,4361.970000000001,3196.3571428571427,3728.695638059341,5.177406932146899,-0.252894945,0.5736342180157817,90595.4335,97232.41699999999,97459.76666666666,97924.9625,97889.83272727275,98158.14583333333,1,1,0,12
21,2025/2/28,84708.57,85120,78258.52,84349.94,83648.03969,00:00.0,6806705236.69068,11344216,40224.85287,3274291175.8104,89089.99,94818.3475,92880.405,94732.74789473684,94898.75,94636.63666666666,90333.49333333333,91168.99142857142,92060.99250000001,92570.25666666667,93144.00454545455,82256.01,82256.01,82256.01,82256.01,84708.58,6861.479999999996,411.41999999999825,6450.059999999998,6861.479999999996,3502.664285714286,3952.465949626531,8.100100367636898,0.9679366069705957,0.6506798954597511,90595.4335,97232.41699999999,97459.76666666666,97924.9625,97889.83272727275,98158.14583333333,1,2,1,1
22,2025/3/1,84349.95,86558,83824.78,86064.53,25785.05464,00:00.0,2194003507.852643,3700728,11748.10769,1000093822.5383524,86708.378,94213.6075,91748.225,94095.23157894738,94319.8519047619,93909.92111111112,88299.98166666667,89478.7,90316.60999999999,91204.20888888888,92104.90818181819,78258.52,78258.52,78258.52,78258.52,84349.94,2733.220000000001,2208.0599999999977,525.1600000000035,2733.220000000001,3644.4171428571435,3865.376953224636,3.2403342551281025,-0.691743468,0.5264091523235974,90595.4335,97232.41699999999,97459.76666666666,97924.9625,97889.83272727275,98158.14583333333,1,3,1,2
23,2025/3/2,86064.54,95000,85050.6,94270,54889.09045,00:00.0,4972549515.788669,7403218,29273.81031,2652973441.154539,85610.708,93693.69649999999,90690.241,93497.0057894737,93825.55619047619,93370.27277777778,86601.06999999999,87980.63142857143,89051.92874999999,89844.15666666668,91231.52545454545,78258.52,78258.52,78258.52,78258.52,86064.53,9949.399999999994,8935.470000000001,1013.929999999993,9949.399999999994,4236.6392857142855,4299.950027994305,11.560395438167145,1.1287172440135658,0.06459744563049549,90595.4335,97232.41699999999,97459.76666666666,97924.9625,97889.83272727275,98158.14583333333,1,4,1,3
24,2025/3/3,94269.99,94416.46,85117.11,86220.61,59171.10218,00:00.0,5321123743.471923,9797860,27915.4365,2513464571.356911,86728.628,93535.6555,90286.741,93417.62684210527,93721.13952380951,93170.27333333333,87053.92333333334,87696.63142857143,88766.80249999999,89631.71444444446,91015.67363636363,78258.52,78258.52,78258.52,78258.52,94270,9299.350000000006,146.4600000000064,9152.89,9299.350000000006,4769.336428571429,4657.050025994712,9.864591068208343,0.07801207298015989,0.2631913101678274,92165.4325,97140.79,97518.85555555555,97413.26125,96963.10636363638,97588.18,1,5,1,4
25,2025/3/4,86221.16,88967.52,81500,87281.98,55609.10706,00:00.0,4704901219.590436,10326631,27584.7159,2335087296.239287,87122.732,93057.776,89290.60399999999,92804.50157894737,93187.31999999999,92593.18833333332,86643.95833333333,86934.87857142858,87512.12874999999,88483.89222222223,89917.09272727271,78258.52,78258.52,78258.52,83824.78,86220.61,7467.520000000004,2746.9100000000035,4720.610000000001,7467.520000000004,5062.3150000000005,4857.797881280804,8.660945451441371,-0.060198222,0.22508234922935288,92165.4325,97140.79,97518.85555555555,97413.26125,96963.10636363638,97588.18,1,6,1,5
26,2025/3/5,87281.98,91000,86334.53,90606.01,38264.01163,00:00.0,3400243670.304976,8070266,19230.28436,1709708737.4698937,87637.412,92528.3755,88363.701,92313.65105263157,92782.73809523809,92025.49388888889,87149.27333333333,86735.10428571429,86978.26624999999,87486.55666666667,89108.00181818182,78258.52,78258.52,78258.52,81500,87281.98,4665.470000000001,3718.020000000004,947.4499999999971,4665.470000000001,5261.9914285714285,4844.060175475033,5.34528433016758,-0.311911058,0.15238540357007965,92165.4325,97140.79,97518.85555555555,97413.26125,96963.10636363638,97588.18,1,7,1,6
27,2025/3/6,90606,92810.64,87836,89931.89,34342.44902,00:00.0,3105145628.3993998,7643526,17283.99411,1563426526.4289937,88888.626,92228.269,87798.50200000001,91950.78421052631,92436.83428571429,91638.62444444445,88132.17833333334,87643.09285714287,87218.9675,87381.3488888889,88567.54727272727,78258.52,78258.52,78258.52,81500,90606.01,4974.639999999999,2204.6300000000047,2770.0099999999948,4974.639999999999,5453.303571428572,4853.3873057982455,5.490408417719752,-0.10248697,0.21670060899493274,92165.4325,97140.79,97518.85555555555,97413.26125,96963.10636363638,97588.18,1,8,1,7
28,2025/3/7,89931.88,91283.02,84667.03,86801.75,57980.35713,00:00.0,5097554826.613157,9510442,28394.41537,2497922400.4504447,89662.098,91849.83949999999,87636.40299999999,91548.79631578948,92118.91761904761,91294.945,89062.50333333334,88389.28000000001,87929.19249999999,87520.40333333334,87992.44636363637,78258.52,78258.52,78258.52,81500,89931.89,6615.990000000005,1351.1300000000047,5264.860000000001,6615.990000000005,5597.085,4979.287498241229,7.3566673623783565,0.6883000130897479,0.23659852308626966,92165.4325,97140.79,97518.85555555555,97413.26125,96963.10636363638,97588.18,0,1,1,8
29,2025/3/8,86801.74,86897.25,85218.47,86222.45,12989.23054,00:00.0,1119358968.6520057,2553974,6491.56581,559581591.3470743,88168.448,91311.44399999999,87448.538,91058.46105263158,91609.45428571428,90796.15333333334,89185.37333333334,88739.53857142858,88190.83875,87803.92111111112,87560.52545454545,78258.52,78258.52,78258.52,84667.03,86801.75,1678.7799999999988,95.5,1583.2799999999988,1678.7799999999988,5630.604285714287,4743.53696265257,1.9340393482850275,-0.775971878,0.25914393802152547,92165.4325,97140.79,97518.85555555555,97413.26125,96963.10636363638,97588.18,0,2,0,1
30,2025/3/9,86222.46,86500,80000,80734.37,26115.39345,00:00.0,2173552660.45448,5189138,12093.87232,1006299692.7104127,88168.816,90816.6605,87645.774,90555.43210526316,91069.11095238096,90271.19277777777,87844.11499999999,88762.09857142856,88424.9025,87972.12888888888,87337.07545454545,78258.52,78258.52,78258.52,84667.03,86222.45,6500,277.5500000000029,6222.449999999997,6500,5993.314285714287,4868.998608177387,7.538639878593105,1.0105419924281365,0.34457497891850863,92165.4325,97140.79,97518.85555555555,97413.26125,96963.10636363638,97588.18,0,3,0,2
31,2025/3/10,80734.48,84123.46,77459.91,78595.86,47633.38405,00:00.0,3834924947.7581854,8701538,22898.57072,1846606255.3521488,86859.294,90064.379,87248.353,89769.2547368421,90336.55142857143,89387.3038888889,86929.74166666665,86828.43714285713,87758.6325,87570.39888888889,87017.46454545454,78258.52,78258.52,78258.52,80000,80734.37,6663.550000000003,3389.090000000011,3274.459999999992,6663.550000000003,6101.372142857143,4997.1808504504315,8.253671887202444,0.8239581242073917,0.3049792726453752,92750.5515,95840.40699999999,95560.05111111111,95686.925,95649.29727272727,95610.71166666666,0,4,0,3
32,2025/3/11,78595.86,83617.4,76606,82932.99,48770.06853,00:00.0,3927000827.110792,6983310,24029.1677,1935950413.20182,84457.264,89210.58499999999,86672.945,88819.33315789474,89518.25904761905,88292.35166666667,85482.05500000001,85739.18714285713,85799.365,86740.54666666666,86461.76272727273,77459.91,77459.91,77459.91,77459.91,78595.86,7011.399999999994,5021.539999999994,1989.8600000000006,7011.399999999994,6138.636428571429,5141.053646846829,8.9208261096704,0.023863189707597376,0.1307728380504902,92750.5515,95840.40699999999,95560.05111111111,95686.925,95649.29727272727,95610.71166666666,0,5,0,4
33,2025/3/12,82932.99,84539.85,80607.65,83680.12,31933.986,00:00.0,2638600996.825396,5253577,15749.41702,1301890518.499408,83057.48400000001,88525.016,86359.791,88010.28,88911.65190476191,87556.29666666666,84203.21833333334,85117.90285714285,85388.4125,85480.87888888888,86332.9490909091,76606,76606,76606,76606,82932.99,3932.2000000000116,1606.8600000000006,2325.340000000011,3932.2000000000116,5908.212142857144,5054.706957786342,4.74141834268849,-0.345213428,0.014154981362865155,92750.5515,95840.40699999999,95560.05111111111,95686.925,95649.29727272727,95610.71166666666,0,6,0,5
34,2025/3/13,83680.12,84336.33,79939.9,81115.78,27546.27412,00:00.0,2260870111.2393894,4367093,13013.18135,1067945431.1219468,82433.15800000001,87793.772,85300.803,87352.28736842105,88294.30666666667,86841.24722222223,83161.25666666667,84128.48999999999,84938.18000000001,85198.60222222221,86116.18454545455,76606,76606,76606,76606,83680.12,4396.430000000008,656.2100000000064,3740.220000000001,4396.430000000008,5910.673571428573,5007.687175087318,5.253852408433458,-0.137399443,0.08479136340205656,92750.5515,95840.40699999999,95560.05111111111,95686.925,95649.29727272727,95610.71166666666,0,7,0,6
35,2025/3/14,81115.78,85309.71,80818.84,83983.2,26858.52755,00:00.0,2244729595.541172,3290987,14082.88688,1177807467.01818,81411.824,87040.462,84790.31999999999,86539.90684210527,87475.77238095237,86000.01277777778,82213.59499999999,82869.04571428572,83751.90125,84513.46888888889,84920.34636363637,76606,76606,76606,76606,81115.78,4490.87000000001,4193.930000000008,296.9400000000023,4490.87000000001,5741.344285714288,4970.771662581082,5.536370358517184,-0.024966954,0.008171382914201232,92750.5515,95840.40699999999,95560.05111111111,95686.925,95649.29727272727,95610.71166666666,0,8,0,7
36,2025/3/15,83983.19,84676.28,83618,84338.44,11324.7332,00:00.0,953445671.8337504,1329670,5195.29128,437551330.253166,82061.59,86412.07149999999,84460.44200000001,85893.86473684211,86894.87809523809,85579.475,81840.38666666667,82466.39571428571,83008.315,83777.60111111111,84716.94545454545,76606,76606,76606,79939.9,83983.2,1058.2799999999988,693.0800000000017,365.1999999999971,1058.2799999999988,5621.705714285717,4691.307972396719,1.2601091646900795,-0.578356141,0.039660472587554674,92750.5515,95840.40699999999,95560.05111111111,95686.925,95649.29727272727,95610.71166666666,0,9,0,8
37,2025/3/16,84338.44,85117.04,81981.12,82574.53,17596.12531,00:00.0,1468056556.296723,2767947,8505.95317,710037465.075748,83210.106,85816.09349999999,83833.685,85514.15736842105,86313.32714285713,85338.255,82441.06499999999,82197.25142857143,82700.40125,83156.10666666666,84449.3509090909,76606,76606,76606,79939.9,84338.44,3135.9199999999983,778.5999999999913,2357.320000000007,3135.9199999999983,5135.028571428574,4580.20883151124,3.718257060481553,0.5537783539130086,0.3154108766127407,92750.5515,95840.40699999999,95560.05111111111,95686.925,95649.29727272727,95610.71166666666,0,10,0,9
38,2025/3/17,82574.52,84756.83,82456,84010.03,17214.74358,00:00.0,1437716814.046874,3014756,8387.89111,700505421.7877294,83138.414,85367.17599999999,83097.949,85192.79578947369,85661.73333333332,85245.16833333333,83104.17666666667,82460.13142857143,82244.41125,82686.41555555555,83719.21636363637,76606,76606,76606,80818.84,82574.53,2300.8300000000017,2182.300000000003,118.52999999999884,2300.8300000000017,4635.134285714288,4417.396057831866,2.786367660827136,-0.021674188,0.07255839418212293,93478.193,94261.499,94229.99222222222,93342.295,94634.41818181818,94559.73333333332,0,11,0,10
39,2025/3/18,84010.02,84021.74,81134.66,82715.03,17610.89883,00:00.0,1450813055.479726,3126371,8047.23418,662808749.3427887,83204.396,85133.6575,82818.777,85180.16105263156,85302.55,85206.36,83283.68333333333,83233.58428571429,82653.86875,82440.59111111112,83180.86545454546,76606,76606,76606,81981.12,84010.03,2887.0800000000017,11.710000000006403,2875.3699999999953,2887.0800000000017,4307.960000000002,4308.087767986733,3.436589654830503,0.023012555961638093,0.14876131316597674,93478.193,94261.499,94229.99222222222,93342.295,94634.41818181818,94559.73333333332,0,12,0,11
40,2025/3/19,82715.03,87000,82547.16,86845.94,28151.05374,00:00.0,2375813941.9437623,3774761,13804.24847,1166238970.2811463,83524.246,85056.9045,82468.035,85075.23736842105,85018.48476190477,85115.53166666668,83122.835,83202.44714285714,83168.765,82660.66444444444,82809.34545454546,76606,76606,76606,81134.66,82715.03,4452.8399999999965,4284.970000000001,167.86999999999534,4452.8399999999965,4292.772142857145,4318.427213130537,5.383350522873529,0.5985018147991941,0.11934180411609835,93478.193,94261.499,94229.99222222222,93342.295,94634.41818181818,94559.73333333332,0,13,0,12
41,2025/3/20,86845.93,87453.67,83655.23,84223.39,22090.30463,00:00.0,1885241921.155652,3252595,10163.59262,867440339.2962606,84096.794,85163.77249999999,83079.192,85206.60578947369,85142.09666666665,85158.94333333333,84077.86166666666,83654.70714285715,83657.88375,83577.34000000001,82866.02636363637,76606,76606,76606,81134.66,86845.94,3798.4400000000023,607.7299999999959,3190.7100000000064,3798.4400000000023,4208.757857142859,4281.285269335499,4.373768077126003,-0.215293863,0.17063137644531645,93478.193,94261.499,94229.99222222222,93342.295,94634.41818181818,94559.73333333332,0,14,0,13
42,2025/3/21,84223.38,84850.33,83175.25,84088.79,11956.97443,00:00.0,1005135519.2560016,2360005,5466.41961,459501348.0817583,84073.784,85157.445,83641.94499999999,85109.70368421052,85118.99238095239,84600.79833333332,84117.89333333333,84098.65142857144,83725.7925,83720.71777777778,83183.20999999999,76606,76606,76606,81134.66,84223.39,1675.0800000000017,626.9400000000023,1048.1399999999994,1675.0800000000017,3855.835714285716,4095.127750097249,1.9888536901684932,-0.458722972,0.08906742763038786,93478.193,94261.499,94229.99222222222,93342.295,94634.41818181818,94559.73333333332,0,15,0,14
43,2025/3/22,84088.79,84539.17,83625.1,83840.59,5420.22114,00:00.0,456235443.8016521,864481,2284.19178,192291026.7874248,84376.636,85058.65800000001,83757.525,84573.85052631579,85106.55666666667,84482.3638888889,84076.285,84113.73571428572,84097.41875000001,83766.12555555555,83682.56727272728,76606,76606,76606,82547.16,84088.79,914.0699999999924,450.38000000000466,463.6899999999878,914.0699999999924,3801.213571428573,3867.9093393760168,1.087029555306947,-0.546689577,0.07905665462489395,93478.193,94261.499,94229.99222222222,93342.295,94634.41818181818,94559.73333333332,0,16,0,15
44,2025/3/23,83840.59,86129.64,83809.75,86082.5,8461.97813,00:00.0,718692319.1499039,1206533,4424.81013,376007261.5213597,84342.74799999999,84537.1875,83773.572,84448.58631578946,85000.65476190476,84291.17555555556,84287.295,84042.61428571427,84079.5925,84068.88222222222,83765.07636363636,76606,76606,76606,83175.25,83840.59,2319.8899999999994,2289.050000000003,30.839999999996508,2319.8899999999994,3502.634285714287,3757.3365294205873,2.767024898083374,0.561186879913907,0.19894577668983604,93478.193,94261.499,94229.99222222222,93342.295,94634.41818181818,94559.73333333332,0,17,0,16
45,2025/3/24,86082.5,88765.43,85519.09,87498.16,30115.62111,00:00.0,2636765917.951844,2916713,14379.95578,1258638667.112904,85016.242,84530.28199999999,84270.24399999999,84385.45578947368,84610.77380952382,84039.86944444446,84632.70666666667,84543.75285714286,84297.6,84302.13777777778,83983.47454545455,76606,76606,76606,83175.25,86082.5,3246.3399999999965,2682.929999999993,563.4100000000035,3246.3399999999965,3258.547857142858,3720.8367773191167,3.7711962361687874,2.5589339333355143,0.34030849213465836,94343.5185,93415.24299999999,92535.6511111111,91275.1075,93517.95363636363,93921.75833333332,0,18,0,17
46,2025/3/25,87498.16,88539.63,86310,87392.87,22643.25248,00:00.0,1979571590.8982933,2802815,9440.56294,825308072.6337814,85146.686,84541.091,84621.74,84221.88473684211,84671.60952380953,83904.66222222222,85429.895,85042.05714285714,84913.05375,84653.21777777777,84563.6909090909,76606,76606,76606,83625.1,87498.16,2229.6300000000047,1041.4700000000012,1188.1600000000035,2229.6300000000047,2916.9928571428586,3614.3220075106087,2.548202156479639,-0.24812268,0.20339060346603113,94343.5185,93415.24299999999,92535.6511111111,91275.1075,93517.95363636363,93921.75833333332,0,19,0,18
47,2025/3/26,87392.88,88275,85860,86909.17,18408.78485,00:00.0,1606406955.5864632,2380154,8590.97753,749604853.2968135,85780.582,84380.434,84927.183,84088.25210526315,84676.89,83937.50222222222,85521.05,85710.31999999999,85335.90875,85188.58888888889,84873.6609090909,76606,76606,76606,83809.75,87392.87,2415,882.1300000000047,1532.8699999999953,2415,2808.6214285714295,3528.6561498312794,2.7633833286399683,-0.187007924,0.14904983929724291,94343.5185,93415.24299999999,92535.6511111111,91275.1075,93517.95363636363,93921.75833333332,0,20,0,19
48,2025/3/27,86909.17,87756.39,85800,87232.01,17098.03897,00:00.0,1487968807.7079022,2376381,8185.05517,712324893.2889168,86344.65800000001,84229.298,85360.647,84093.90578947368,84500.84999999999,83975.65333333334,85968.68000000001,85719.35285714285,85860.17624999999,85510.71555555555,85107.36363636363,76606,76606,76606,85519.09,86909.17,1956.3899999999994,847.2200000000012,1109.1699999999983,1956.3899999999994,2634.3328571428574,3416.351424843331,2.2510743112608247,-0.071202195,0.31490063446265476,94343.5185,93415.24299999999,92535.6511111111,91275.1075,93517.95363636363,93921.75833333332,0,21,0,20
49,2025/3/28,87232.01,87515.67,83585,84424.38,27182.73169,00:00.0,2309946560.664113,3236085,11274.83736,958523321.8112732,87022.942,84250.811,85682.845,84147.04052631579,84372.28428571428,84336.63333333335,86492.55,86149.1557142857,85908.435,86012.60222222222,85530.7709090909,76606,76606,76606,85800,87232.01,3930.6699999999983,283.6600000000035,3647.0099999999948,3930.6699999999983,2594.318571428571,3453.0884659259505,4.505994989683258,0.5898157524201735,0.02278476305766476,94343.5185,93415.24299999999,92535.6511111111,91275.1075,93517.95363636363,93921.75833333332,0,22,0,21
50,2025/3/29,84424.38,84624.73,81644.81,82648.54,11696.39864,00:00.0,970199917.9868716,2172387,5621.60485,466215575.48490685,86691.318,84160.9075,85853.78,84341.25157894737,84259.07619047619,84660.44,86589.84833333334,86197.09714285715,85933.55875,85743.54,85568.43909090909,76606,76606,76606,83585,84424.38,2979.9199999999983,200.34999999999127,2779.570000000007,2979.9199999999983,2731.5785714285707,3419.2907183598113,3.529691304810291,-0.56971217,0.08130953629647278,94343.5185,93415.24299999999,92535.6511111111,91275.1075,93517.95363636363,93921.75833333332,0,23,0,22
51,2025/3/30,82648.53,83534.64,81565,82389.99,9864.49508,00:00.0,816584795.5288126,1907663,4725.07105,391214080.11011606,85721.394,84256.61600000001,85434.04000000001,84554.55052631578,84088.89,84644.63722222223,86017.52166666667,86026.80428571429,85753.5275,85568.55666666667,85562.39454545455,76606,76606,79939.9,81644.81,82648.54,1969.6399999999994,886.1000000000058,1083.5399999999936,1969.6399999999994,2648.2728571428565,3315.7442384769674,2.3831515959023593,-0.156621163,0.009572480389741032,94343.5185,93415.24299999999,92535.6511111111,91275.1075,93517.95363636363,93921.75833333332,0,24,0,23
52,2025/3/31,82390,83943.08,81278.52,82550.01,20569.13885,00:00.0,1696009191.0809648,3964358,9912.88184,817875871.1107411,84720.818,84446.3225,85250.7,84525.97157894737,84167.72904761905,84572.96333333332,85166.15999999999,85499.30285714286,85572.2025,85379.80111111113,85157.30818181818,76606,79939.9,79939.9,81565,82389.99,2664.5599999999977,1553.0899999999965,1111.4700000000012,2664.5599999999977,2674.2535714285705,3269.2310785857553,3.2340821985777612,1.0851689501780357,0.08110005721359537,94444.5175,91521.08499999999,90287.87222222221,89361.2825,92412.94727272728,92590.62333333334,0,25,0,24
53,2025/4/1,82550,85579.46,82432.74,85158.34,20190.39697,00:00.0,1698895702.5754683,3328693,10246.42648,862302772.4330863,83848.986,84427.1735,85096.822,84466.49210526317,84356.0219047619,84652.64277777779,84359.01666666666,84792.42428571428,85130.64125,85236.40333333332,85005.18272727272,79939.9,79939.9,80818.84,81278.52,82550.01,3146.720000000001,3029.4500000000116,117.26999999998952,3146.720000000001,2692.799285714285,3260.4802872582013,3.811895358946657,-0.018413113,0.1264913131735006,94444.5175,91521.08499999999,90287.87222222221,89361.2825,92412.94727272728,92590.62333333334,0,26,0,25
54,2025/4/2,85158.35,88500,82320,82516.29,39931.457,00:00.0,3417279759.830764,5338238,20739.67809,1777735583.840748,83434.25200000001,84501.0845,85228.597,84679.25842105264,84461.99095238095,84717.92833333333,84067.21166666667,84473.20571428571,84838.16374999999,85133.71888888889,85102.41454545454,79939.9,80818.84,81134.66,81278.52,85158.34,6180,3341.6600000000035,2838.3399999999965,6180,2816.1678571428565,3469.0174095969014,7.257069595297419,0.9777450170659026,0.24286804916302365,94444.5175,91521.08499999999,90287.87222222221,89361.2825,92412.94727272728,92590.62333333334,0,27,0,26
55,2025/4/3,82516.28,83998.02,81211.24,83213.09,27337.84135,00:00.0,2259299724.8643928,4117486,13951.52792,1153439398.6198013,83052.63399999999,84571.11,84871.976,84602.05263157895,84406.57047619048,84616.69777777778,83281.25833333333,83845.65142857142,84228.59125,84580.17777777778,84982.02363636364,80818.84,81134.66,81134.66,81278.52,82516.29,2786.779999999999,1481.7300000000105,1305.0499999999884,2786.779999999999,2743.9064285714276,3420.286166054266,3.3772482984874856,-0.31538082,0.06353520628971297,94444.5175,91521.08499999999,90287.87222222221,89361.2825,92412.94727272728,92590.62333333334,0,28,0,27
56,2025/4/4,83213.09,84720,81659,83889.87,32915.53976,00:00.0,2739842666.426737,4992586,15896.18779,1323832046.264688,83165.54400000001,84532.6045,84443.469,84542.82368421053,84506.44238095239,84652.17333333332,83079.37666666666,83271.52,83766.58125,84115.75777777779,84721.16818181818,81134.66,81134.66,81134.66,81211.24,83213.09,3061,1506.9100000000035,1554.0899999999965,3061,2842.900714285713,3394.622868478961,3.6785077924639022,0.20402848705536147,0.012097107689306318,94444.5175,91521.08499999999,90287.87222222221,89361.2825,92412.94727272728,92590.62333333334,0,29,0,28
57,2025/4/5,83889.87,84266,82379.95,83537.99,9360.40468,00:00.0,779626577.9013437,1575750,4029.64658,335654613.7277184,83465.51999999999,84510.176,84093.169,84612.05210526315,84501.99809523809,84645.49777777778,83286.265,83195.16142857143,83348.81375,83780.28,84393.14181818182,81134.66,81134.66,81134.66,81211.24,83889.87,1886.050000000003,376.13000000000466,1509.9199999999983,1886.050000000003,2912.327857142857,3286.867663587607,2.24824522913196,-0.71562354,0.01828699339104727,94444.5175,91521.08499999999,90287.87222222221,89361.2825,92412.94727272728,92590.62333333334,0,30,0,29
58,2025/4/6,83537.99,83817.63,77153.83,78430,27942.71436,00:00.0,2239085051.1529646,3948493,12493.8449,1001459573.494466,83663.116,84558.349,83756.051,84587.20789473686,84463.88142857143,84691.21777777777,83477.59833333333,83322.22571428571,83238.015,83369.83333333333,84042.69818181818,81134.66,81134.66,81211.24,81211.24,83537.99,6663.800000000003,279.6399999999994,6384.1600000000035,6663.800000000003,3222.6071428571427,3528.0771161884923,7.976969520094992,1.9852036653611864,0.39418730194031654,94444.5175,91521.08499999999,90287.87222222221,89361.2825,92412.94727272728,92590.62333333334,0,31,0,30
59,2025/4/7,78430,81243.58,74508,79163.24,78387.53089,00:00.0,6084614024.150647,9736596,39075.84274,3034375055.6843963,82317.448,84279.3475,82875.85,84361.68,84266.52285714286,84223.66555555555,82790.93,82756.51285714285,82710.6975,82703.79111111112,83271.86454545455,77153.83,77153.83,77153.83,77153.83,78430,6735.580000000002,2813.5800000000017,3922,6735.580000000002,3471.838571428572,3757.1844650321714,8.588014790258832,1.8052940698635833,0.44498140509742456,93873.21800000001,89102.08499999999,88146.69555555556,87107.18875,90330.98636363636,91247.70166666666,0,32,0,31
60,2025/4/8,79163.24,80867.99,76239.9,76322.42,35317.32063,00:00.0,2775277777.102461,5512751,15704.73031,1235370767.1153505,81646.838,84101.758,82349.736,83957.32736842106,84035.72333333333,83942.54611111112,81791.74666666667,82272.68857142856,82307.35375,82316.53555555556,82538.34,74508,74508,74508,74508,79163.24,4628.090000000011,1704.75,2923.340000000011,4628.090000000011,3643.1571428571438,3819.3920032441597,5.8462614718649855,-0.549452314,0.5157089172087841,93873.21800000001,89102.08499999999,88146.69555555556,87107.18875,90330.98636363636,91247.70166666666,0,33,0,32
61,2025/4/9,76322.42,83588,74620,82615.22,75488.28772,00:00.0,5980231256.222496,7741252,39491.62958,3137004042.959261,80268.704,83575.58200000001,81717.124,83541.48684210527,83731.31333333334,83511.08111111111,80759.435,81010.41428571429,81528.905,81642.36111111111,81801.79818181819,74508,74508,74508,74508,76322.42,8968,7265.580000000002,1702.4199999999983,8968,4111.228571428573,4187.149717298148,11.750151528214122,1.1374296343386,0.15742842404387603,93873.21800000001,89102.08499999999,88146.69555555556,87107.18875,90330.98636363636,91247.70166666666,0,34,0,33
62,2025/4/10,82615.22,82753.21,78464.36,79607.3,33284.80718,00:00.0,2690294353.847842,4529545,16339.9191,1321475356.0200849,80013.774,83495.1735,81739.647,83463.93052631579,83529.85047619048,83443.00499999999,80659.79,81024.54714285715,81211.015,81649.60666666666,81798.76909090909,74508,74508,74508,74508,82615.22,4288.850000000006,137.99000000000524,4150.860000000001,4288.850000000006,4277.832857142858,4194.414023205423,5.191355781658641,-0.559073226,0.25449080710857236,93873.21800000001,89102.08499999999,88146.69555555556,87107.18875,90330.98636363636,91247.70166666666,0,35,0,34
63,2025/4/11,79607.3,84300,78969.58,83423.84,34435.43797,00:00.0,2830363945.1787524,4423157,18019.58367,1482515278.9177043,79227.636,83271.099,81445.376,83241.12578947369,83310.03666666667,83083.27166666667,79946.02833333334,80509.43428571429,80847.39125,81032.82444444444,81545.79727272727,74508,74508,74508,74620,79607.3,5330.419999999998,4692.699999999997,637.7200000000012,5330.419999999998,4377.815000000001,4275.557307262179,6.69589346705641,0.034569249080444786,0.03230720746435161,93873.21800000001,89102.08499999999,88146.69555555556,87107.18875,90330.98636363636,91247.70166666666,0,36,0,35
64,2025/4/12,83423.83,85905,82792.95,85276.9,18470.74437,00:00.0,1557403252.9267516,2501196,9526.72644,803747272.783468,80226.40400000001,83250.2615,81271.926,83101.19631578948,83278.37238095238,82856.92055555555,79927.00333333334,80442.85857142857,80873.735,81133.66333333334,81625.23636363636,74508,74508,74508,74620,83423.84,3112.050000000003,2481.1600000000035,630.8899999999994,3112.050000000003,4387.252857142858,4192.449642457738,3.7304084779602604,-0.463612329,0.08465805471611405,93873.21800000001,89102.08499999999,88146.69555555556,87107.18875,90330.98636363636,91247.70166666666,0,37,0,36
65,2025/4/13,85276.91,86100,83034.23,83760,24680.04181,00:00.0,2086106375.439256,3275879,11658.67909,986303246.0931836,81449.136,83209.98150000001,81547.987,82984.28789473684,83346.7680952381,82739.36666666665,81068.15333333334,80691.27428571429,81047.11375,81362.97555555555,81636.01454545454,74508,74508,74508,78464.36,85276.9,3065.770000000004,823.1000000000058,2242.6699999999983,3065.770000000004,4465.547857142859,4111.972525139328,3.5950767441124203,0.33616931270431505,0.04240843482132934,93873.21800000001,89102.08499999999,88146.69555555556,87107.18875,90330.98636363636,91247.70166666666,0,38,0,37
66,2025/4/14,83760,85799.99,83678,84591.58,28659.09348,00:00.0,2429132805.0815287,3921522,15196.58929,1288815999.1406171,82936.652,83023.0735,81602.678,82793.08421052631,83236.17285714287,82564.41277777778,81834.28,81452.70285714287,81074.865,81348.54555555555,81749.07909090909,74508,74508,74508,78969.58,83760,2121.9900000000052,2039.9900000000052,82,2121.9900000000052,4426.792857142859,3969.8309162008054,2.5334169054441324,0.16122548335342546,0.06190948818694016,93166.216,87708.026,86735.27888888889,85562.42375,88616.4409090909,89783.40416666666,0,39,0,38
67,2025/4/15,84591.58,86496.42,83600,83643.99,20910.99528,00:00.0,1780972414.3956008,2910533,10439.36072,889895753.1673651,83331.924,82883.00899999999,81672.849,82671.10578947367,83097.76428571428,82417.72222222222,83212.47333333333,82228.18000000001,81845.0625,81465.61111111111,81874.39636363636,74508,74508,74508,82792.95,84591.58,2896.4199999999983,1904.8399999999965,991.5800000000017,2896.4199999999983,4408.914285714288,3893.158707900748,3.424005084193957,-0.270353918,0.04835714707679339,93166.216,87708.026,86735.27888888889,85562.42375,88616.4409090909,89783.40416666666,0,40,0,39
68,2025/4/16,83643.99,85500,83111.64,84030.38,20867.24519,00:00.0,1753910031.2009242,3264730,10456.769,878939829.4848368,84139.262,82719.75,81683.449,82482.26263157895,82919.24619047619,82374.36722222222,83383.93500000001,83274.11857142857,82405.15625,82044.94333333333,81852.04363636364,74508,74508,74508,83034.23,83643.99,2388.3600000000006,1856.0099999999948,532.3500000000058,2388.3600000000006,4138.082857142859,3785.6730859078375,2.8553874582023173,-0.002092205,0.05210168239888488,93166.216,87708.026,86735.27888888889,85562.42375,88616.4409090909,89783.40416666666,0,41,0,40
69,2025/4/17,84030.38,85470.01,83736.26,84947.91,13728.84772,00:00.0,1161659427.386263,2003405,6424.41565,543726754.4187016,84260.56999999999,82559.6685,82243.487,82461.52578947369,82782.16095238096,82451.1361111111,84121.115,83476.28428571428,83368.65125,82585.73666666666,81896.80636363637,74508,74508,74508,83111.64,84030.38,1733.75,1439.62999999999,294.1200000000099,1733.75,4062.866428571431,3639.107151200135,2.063241889421421,-0.342086241,0.05924725299868021,93166.216,87708.026,86735.27888888889,85562.42375,88616.4409090909,89783.40416666666,0,42,0,41
70,2025/4/18,84947.92,85132.08,84303.96,84474.69,6529.96315,00:00.0,552648483.6474872,840009,2911.78856,246467088.2621466,84194.77200000001,82585.845,82821.954,82582.54526315788,82673.39428571428,82593.24277777778,84375.12666666666,84239.22857142857,83660.2375,83544.12444444445,82489.34363636364,74508,74508,74508,83111.64,84947.91,828.1199999999953,184.16999999999825,643.9499999999971,828.1199999999953,3903.3750000000023,3438.3223546858394,0.9748562383700733,-0.524361892,0.020112485753563277,93166.216,87708.026,86735.27888888889,85562.42375,88616.4409090909,89783.40416666666,0,43,0,42
71,2025/4/19,84474.7,85677.99,84364.45,85077.01,9666.58153,00:00.0,823222752.2842493,875226,5416.30087,461342923.999082,84337.71,82677.1525,83637.181,82692.26631578947,82675.79,82700.16944444444,84241.425,84389.34999999999,84268.66124999999,83750.73222222221,82972.20272727273,74508,74508,74508,83111.64,84474.69,1313.5400000000081,1203.300000000003,110.24000000000524,1313.5400000000081,3862.481428571431,3286.5521864939947,1.5549509563160375,0.48034243194772097,0.05247631095303329,93166.216,87708.026,86735.27888888889,85562.42375,88616.4409090909,89783.40416666666,0,44,0,43
72,2025/4/20,85077,85320.76,83949.52,85179.24,8091.67725,00:00.0,685253644.8918362,944130,3843.48314,325482835.7378329,84434.796,82811.50349999999,83883.36,82825.26631578947,82791.43142857142,82695.6511111111,84460.92666666667,84360.79428571429,84475.3075,84358.47777777778,83768.07454545454,74508,74508,74508,83736.26,85077.01,1371.2399999999907,243.75,1127.4899999999907,1371.2399999999907,3484.44142857143,3149.7441731729946,1.6117632718874237,-0.162922567,0.27749367448741064,93166.216,87708.026,86735.27888888889,85562.42375,88616.4409090909,89783.40416666666,0,45,0,44
73,2025/4/21,85179.24,88465.99,85144.76,87516.23,31773.37262,00:00.0,2773299591.467066,3041395,17216.39877,1502705225.134135,84741.846,82942.965,84440.55399999999,82826.36631578948,82924.25285714286,82843.59277777777,84558.87,84563.54285714286,84463.09999999999,84553.52222222222,84001.16727272727,74508,74508,74508,83949.52,85179.24,3321.2300000000105,3286.75,34.48000000001048,3321.2300000000105,3240.559285714288,3161.993160803496,3.89910734117845,2.9266732518279817,0.32218720360214337,92565.91900000001,86579.675,85519.84777777777,84177.57875,87478.13636363637,88330.00749999999,0,46,0,45
74,2025/4/22,87516.22,93888,87076.03,93442.99,43872.74705,00:00.0,3967785064.1281695,3268475,22777.77047,2062639579.2030847,85439.016,83060.85949999999,84849.79299999999,83089.5210526316,83160.73952380952,83082.65611111111,85204.24333333333,84981.34999999999,84932.62875,84802.33666666667,84720.1609090909,74508,74508,74508,83949.52,87516.23,6811.970000000001,6371.770000000004,440.1999999999971,6811.970000000001,3396.550714285716,3422.705792174675,7.7836648128010095,0.3808023332840642,0.5901237529653977,92565.91900000001,86579.675,85519.84777777777,84177.57875,87478.13636363637,88330.00749999999,0,47,0,46
75,2025/4/23,93442.99,94696.05,91935.41,93691.08,27404.16808,00:00.0,2560279933.947952,3016536,13128.05774,1226992558.5765462,87138.03199999999,83607.19450000001,85666.402,83627.93684210526,83555.24666666667,83613.385,86773.01166666667,86381.20714285715,86039.05500000001,85878.22444444445,85630.99272727274,74508,74508,74508,83949.52,93442.99,2760.6399999999994,1253.0599999999977,1507.5800000000017,2760.6399999999994,2953.167857142859,3375.4153784479126,2.954357517883363,-0.375371502,0.482248536168017,92565.91900000001,86579.675,85519.84777777777,84177.57875,87478.13636363637,88330.00749999999,1,1,0,47
76,2025/4/24,93691.07,94005,91660.01,93980.47,19497.06071,00:00.0,1811120137.314679,2797383,8565.18128,795787487.3608981,88981.31,84131.094,86659.51,84143.79000000001,84087.37952380952,84177.44555555556,88230.20666666667,87761.30714285714,87294.94125,86889.28,86395.91818181818,74508,74508,74508,85144.76,93691.08,2344.9900000000052,313.91999999999825,2031.070000000007,2344.9900000000052,2814.320714285716,3301.8135657016337,2.502895686547754,-0.288536669,0.7098355984289727,92565.91900000001,86579.675,85519.84777777777,84177.57875,87478.13636363637,88330.00749999999,1,2,1,1
77,2025/4/25,93980.47,95758.04,92855.96,94638.68,27500.66648,00:00.0,2596877713.640173,3331828,13072.22136,1234153095.7292683,90762.00200000001,84635.624,87598.399,84693.39421052631,84600.1119047619,85041.36055555556,89814.50333333334,89051.67285714285,88538.7025,88037.77777777778,87325.05181818182,74508,74508,74508,87076.03,93980.47,2902.079999999987,1777.5699999999924,1124.5099999999948,2902.079999999987,2640.8678571428577,3273.2611681515164,3.087960722052132,0.4105031978433018,0.6562123689161807,92565.91900000001,86579.675,85519.84777777777,84177.57875,87478.13636363637,88330.00749999999,1,3,1,2
78,2025/4/26,94638.68,95199,93870.69,94628,9415.06875,00:00.0,889627361.8414446,1475983,4156.22463,392757114.438358,92653.88999999998,85190.6585,88697.868,85546.48263157895,85111.96,85901.10722222221,91408.11499999999,90503.67142857144,89750.04875,89216.47777777778,88238.42454545455,74508,74508,74620,91660.01,94638.68,1328.3099999999977,560.320000000007,767.9899999999907,1328.3099999999977,2513.4578571428574,3134.3360847121226,1.4035593057722253,-0.657642161,0.61327214012662,92565.91900000001,86579.675,85519.84777777777,84177.57875,87478.13636363637,88330.00749999999,1,4,1,3
79,2025/4/27,94628,95369,93602.58,93749.3,11162.841,00:00.0,1052334792.1866188,1918160,5250.08719,495112239.1081697,94076.24399999999,86000.55850000001,89757.63,86360.41736842105,85640.05571428573,86918.08388888888,92982.90833333333,91868.09857142858,91019.21250000001,90292.04333333332,89236.97090909092,74508,74620,74620,91660.01,94628,1766.4199999999983,741,1025.4199999999983,1766.4199999999983,2420.6471428571426,3036.627792946971,1.8666990742697704,0.18563563330326183,0.6837452976378113,92565.91900000001,86579.675,85519.84777777777,84177.57875,87478.13636363637,88330.00749999999,1,5,1,4
80,2025/4/28,93749.29,95630,92800.01,95011.18,22157.53351,00:00.0,2092532996.555172,3424740,11626.77592,1098667305.239998,94137.50600000001,86729.8615,90637.769,87277.62157894736,86369.54619047619,87536.6438888889,94021.75333333334,93092.39285714286,92103.24875,91322.55555555556,90120.5090909091,74620,74620,78464.36,92855.96,93749.3,2829.9900000000052,1880.699999999997,949.2900000000081,2829.9900000000052,2471.218571428571,3021.8679505936166,3.0186785394664337,0.9849367656495331,0.6927934744589478,92197.9045,86342.793,85241.10333333333,84112.49125,87231.45909090909,88000.73333333334,1,6,1,5
81,2025/4/29,95011.18,95461.53,93742.54,94256.82,16955.3402,00:00.0,1607154803.4675477,3020875,7112.68469,674688527.813066,94401.526,87664.2995,91691.418,87930.04052631579,87124.21,88392.415,94283.11833333333,94163.1,93332.24125,92426.35222222222,91035.35181818182,74620,78464.36,78969.58,92800.01,95011.18,1718.9900000000052,450.3500000000058,1268.6399999999994,1718.9900000000052,2387.116428571429,2928.80523983693,1.809250237708873,-0.234782148,0.7148251300784942,92197.9045,86342.793,85241.10333333333,84112.49125,87231.45909090909,88000.73333333334,1,7,1,6
82,2025/4/30,94256.82,95228.45,92910,94172,17661.2751,00:00.0,1664825670.9831252,3214149,8393.2162,791272380.0312446,94456.796,88246.3795,92609.399,88701.06789473684,87978.22904761904,88994.24722222221,94377.40833333334,94279.36142857141,94174.81499999999,93434.97222222222,91924.63636363637,78464.36,78969.58,82792.95,92800.01,94256.82,2318.449999999997,971.6299999999901,1346.820000000007,2318.449999999997,2382.1228571428574,2885.208436991435,2.4597159123339796,0.04163495935044703,0.6972495355845062,92197.9045,86342.793,85241.10333333333,84112.49125,87231.45909090909,88000.73333333334,1,8,1,7
83,2025/5/1,94172,97424.02,94130.43,96489.91,21380.45343,00:00.0,2053857614.2732675,2925716,10925.87308,1049157198.8587636,94363.46,88974.6145,93508.675,89266.7605263158,88528.5519047619,89488.41944444444,94409.33,94348.06428571428,94265.94124999999,94174.50222222222,92751.45363636363,78969.58,82792.95,83034.23,92800.01,94172,3293.590000000011,3252.020000000004,41.570000000006985,3293.590000000011,2493.540000000001,2914.3785486349047,3.4974196151722494,0.21058379471140243,0.7238378583124572,92197.9045,86342.793,85241.10333333333,84112.49125,87231.45909090909,88000.73333333334,1,9,1,8
84,2025/5/2,96489.9,97895.68,96350,96887.14,14905.74811,00:00.0,1446387651.5840576,2698263,7440.33531,722022817.2246199,94735.842,89627.918,94406.043,89856.91894736842,89332.4857142857,90195.63666666666,94717.86833333333,94706.55571428571,94615.795,94513.0488888889,93779.69636363637,82792.95,83034.23,83111.64,92910,96489.91,1545.679999999993,1405.7699999999895,139.9100000000035,1545.679999999993,2544.7942857142866,2816.614366589554,1.6019084275236584,-0.302832928,0.7821541478434642,92197.9045,86342.793,85241.10333333333,84112.49125,87231.45909090909,88000.73333333334,1,10,1,9
85,2025/5/3,96887.13,96935.67,95753.01,95856.42,9723.34838,00:00.0,935906144.9651498,1181239,3929.4049,378271292.4443145,95363.41,90208.43,94750.458,90547.82105263158,89973.59523809524,90878.72333333333,95094.39166666666,95027.76428571428,94979.12875,94868.16666666667,94631.59727272727,83034.23,83111.64,83111.64,92910,96887.14,1182.6600000000035,48.529999999998836,1134.1300000000047,1182.6600000000035,2535.4457142857145,2699.9033404045863,1.2206573545261048,-0.347677936,0.6613958670922457,92197.9045,86342.793,85241.10333333333,84112.49125,87231.45909090909,88000.73333333334,1,11,1,10
86,2025/5/4,95856.42,96304.48,94151.38,94277.62,11036.38342,00:00.0,1053542403.8531588,1674726,4385.33486,418573470.8569623,95532.458,90813.251,94966.992,91140.70736842105,90477.3819047619,91557.19166666667,95445.57833333332,95203.25285714286,95131.34625,95076.60555555555,94851,83111.64,83111.64,83111.64,94130.43,95856.42,2153.0999999999913,448.0599999999977,1705.0399999999936,2153.0999999999913,2591.2928571428574,2660.8459589471154,2.2461719308941346,0.13503939061782333,0.5118771006166624,92197.9045,86342.793,85241.10333333333,84112.49125,87231.45909090909,88000.73333333334,1,12,1,11
87,2025/5/5,94277.61,95199,93514.1,94733.68,17251.18189,00:00.0,1626999380.1759968,2623300,8399.64855,792299650.3395202,95536.61799999999,91297.553,94996.70700000001,91700.37210526314,90978.22095238094,92126.48277777778,95323.31833333334,95278.72714285715,95087.54875,95036.48777777777,94904.32181818182,83111.64,83111.64,83736.26,94151.38,94277.62,1684.8999999999942,921.3800000000047,763.5199999999895,1684.8999999999942,2474.412142857142,2591.135533308035,1.7871685772296693,0.5631191155190944,0.45411017383687335,91688.586,86144.755,85241.95000000001,85805.3975,87064.14090909091,87818.63916666666,1,13,1,12
88,2025/5/6,94733.68,96920.65,93377,96834.02,16122.64513,00:00.0,1526847764.5636685,2512960,7505.95734,711372483.6117135,95648.954,91852.0375,95006.207,92263.70368421053,91461.1780952381,92670.13666666666,95402.795,95239.08428571429,95210.59625,95048.23,94972.79545454546,83111.64,83736.26,83949.52,93514.1,94733.68,3543.649999999994,2186.970000000001,1356.679999999993,3543.649999999994,2240.960714285713,2659.1722809288894,3.7406442988385904,-0.065417939,0.2810123980808453,91688.586,86144.755,85241.95000000001,85805.3975,87064.14090909091,87818.63916666666,1,14,1,13
89,2025/5/7,96834.02,97732,95784.61,97030.5,16644.83854,00:00.0,1611730124.5924544,2849139,8316.74471,805430612.4055353,95717.776,92492.21949999999,95226.809,92889.28842105262,92089.27476190476,93356.76611111111,95846.46500000001,95607.25571428573,95438.45125,95390.97666666667,95172.37181818181,83736.26,83949.52,83949.52,93377,96834.02,1947.3899999999994,897.9799999999959,1049.4100000000035,1947.3899999999994,2182.8714285714273,2608.3306894339685,2.011059749455821,0.03238881745454636,0.2779241617963699,91688.586,86144.755,85241.95000000001,85805.3975,87064.14090909091,87818.63916666666,1,15,1,14
90,2025/5/8,97030.5,104145.76,96876.29,103261.6,34962.02847,00:00.0,3508645830.5650144,4991147,18547.23009,1861334478.364427,95746.448,93096.349,95554.929,93550.12052631579,92708.32809523809,94020.8488888889,95936.56333333334,96015.61285714286,95785.16125,95615.34555555556,95390.7809090909,83949.52,83949.52,83949.52,93377,97030.5,7269.470000000001,7115.259999999995,154.2100000000064,7269.470000000001,2534.6199999999985,2941.2692116172566,7.491943254955917,1.1004726712116244,0.5168446909302488,91688.586,86144.755,85241.95000000001,85805.3975,87064.14090909091,87818.63916666666,1,16,1,15
91,2025/5/9,103261.61,104361.3,102315.14,102971.99,27617.39907,00:00.0,2847518447.981513,4406929,14525.20381,1497826622.326188,97227.48400000001,94035.69450000001,96379.97099999999,94507.20421052631,93580.40857142858,95025.42444444443,96998.97333333333,96982.99714285714,96921.36125,96615.87666666666,96255.53545454546,83949.52,83949.52,85144.76,93377,103261.6,2046.1600000000035,1099.699999999997,946.4600000000064,2046.1600000000035,2473.4828571428566,2877.3328393588813,1.981530404332301,-0.210074464,0.47378798534713384,91688.586,86144.755,85241.95000000001,85805.3975,87064.14090909091,87818.63916666666,1,17,1,16
92,2025/5/10,102971.99,104984.57,102818.76,104809.53,15324.78611,00:00.0,1588386278.502415,2227845,8258.23478,856095289.5216646,98966.35800000001,94930.44350000001,97251.488,95443.6647368421,94461.23238095238,95884.07777777777,98184.90166666667,97852.26142857142,97731.62125,97593.65333333334,96979.24545454545,83949.52,85144.76,87076.03,95784.61,102971.99,2165.810000000012,2012.5800000000017,153.23000000001048,2165.810000000012,2533.3042857142864,2826.5097794046765,2.103300130452963,-0.445103934,0.5244008024493131,91688.586,86144.755,85241.95000000001,85805.3975,87064.14090909091,87818.63916666666,1,18,1,17
93,2025/5/11,104809.53,104972,103345.06,104118,17987.12197,00:00.0,1873381777.2124248,3100176,9071.95578,944903285.107308,100981.528,95911.95800000001,98315.24100000001,96353.83842105263,95400.87619047619,96515.55222222222,99940.21999999999,99131.27714285713,98721.92,98518.05555555556,97938.58272727275,85144.76,87076.03,91660.01,96876.29,104809.53,1626.9400000000023,162.47000000000116,1464.4700000000012,1626.9400000000023,2523.3414285714293,2740.826223732914,1.552282507134611,0.17372744003668195,0.5392393951021672,91688.586,86144.755,85241.95000000001,85805.3975,87064.14090909091,87818.63916666666,1,19,1,18
94,2025/5/12,104118,105819.45,100718.37,102791.32,31272.77792,00:00.0,3242348937.383069,5298407,16455.99797,1707457796.5881395,102438.324,96742.04650000001,99078.05,96915.68105263158,96302.72190476191,97094.82555555555,101504.27333333333,100537.0457142857,99754.6175,99321.48444444445,98842.76454545456,87076.03,91660.01,91660.01,102315.14,104118,5101.080000000002,1701.449999999997,3399.6300000000047,5101.080000000002,2685.5621428571435,2909.4157791805633,4.899325764997409,0.7386204403438534,0.40325856079692324,92135.1725,87129.55500000001,87840.1311111111,88498.33125,87778.68636363637,88485.29583333334,1,20,1,19
95,2025/5/13,102791.32,104976.25,101429.7,104103.72,21253.42409,00:00.0,2197244118.1523666,3703531,10705.97845,1106609664.707795,103590.488,97209.463,99668.46800000001,97394.64105263157,97030.10714285716,97584.31722222222,102497.15666666666,101688.13714285716,100818.83,100092.02888888889,99415.62000000001,91660.01,91660.01,92800.01,100718.37,102791.32,3546.550000000003,2184.929999999993,1361.62000000001,3546.550000000003,2816.1021428571435,2954.925366381952,3.450242685861027,-0.320385795,0.4960350043974644,92135.1725,87129.55500000001,87840.1311111111,88498.33125,87778.68636363637,88485.29583333334,1,21,1,20
96,2025/5/14,104103.72,104356.95,102602.05,103507.82,16452.9081,00:00.0,1704708279.3884108,3025221,8026.03333,831783471.654361,103758.912,97730.095,100493.198,97927.44368421052,97537.76095238095,98110.15277777778,103676.02666666667,102726.66571428571,101990.085,101183.81777777779,100071.67272727271,91660.01,92800.01,92800.01,100718.37,104103.72,1754.8999999999942,253.22999999999593,1501.6699999999983,1754.8999999999942,2775.8485714285716,2869.2092687832405,1.6857226619759544,-0.22587024,0.45848553454155117,92135.1725,87129.55500000001,87840.1311111111,88498.33125,87778.68636363637,88485.29583333334,1,22,1,21
97,2025/5/15,103507.83,104192.7,101383.07,103763.71,17998.98604,00:00.0,1850183474.529204,4139477,8475.18036,871244345.564136,103866.07800000001,98206.4625,101416.218,98394.2405263158,98005.22476190476,98603.47611111111,103717.06333333334,103651.99714285714,102824.31,102158.72222222222,100767.25454545455,92800.01,92800.01,92800.01,100718.37,103507.82,2809.62999999999,684.8799999999901,2124.75,2809.62999999999,2741.279999999999,2864.9536067272943,2.7144132684854054,0.09396988852080201,0.3974693283379289,92135.1725,87129.55500000001,87840.1311111111,88498.33125,87778.68636363637,88485.29583333334,1,23,1,22
98,2025/5/16,103763.71,104550.33,103100.49,103463.9,15683.88024,00:00.0,1628832372.324148,3237442,7555.15801,784850382.1942747,103656.91400000002,98662.714,102319.221,98875.06736842105,98471.09333333334,99159.83222222222,103849.01666666668,103723.72714285715,103665.96125000001,102928.68777777777,101629.62636363636,92800.01,92800.01,92800.01,101383.07,103763.71,1449.8399999999965,786.6199999999953,663.2200000000012,1449.8399999999965,2734.4342857142847,2763.8740633896305,1.3972515053673356,-0.128624234,0.3613036632702982,92135.1725,87129.55500000001,87840.1311111111,88498.33125,87778.68636363637,88485.29583333334,1,24,1,23
99,2025/5/17,103463.9,103709.86,102612.5,103126.65,11250.89622,00:00.0,1160418362.950618,2568597,5335.11525,550379728.7338501,103526.09400000001,99104.50899999999,102982.209,99386.36210526315,98891.3419047619,99629.42777777779,103624.745,103794,103691.2488,103643.51,102423.28272727273,92800.01,92800.01,92910,101383.07,103463.9,1097.3600000000006,245.9600000000064,851.3999999999942,1097.3600000000006,2728.3414285714275,2644.8373445760853,1.0606211441865236,-0.282645873,0.41521891967657604,92135.1725,87129.55500000001,87840.1311111111,88498.33125,87778.68636363637,88485.29583333334,1,25,1,24
100,2025/5/18,103126.65,106660,103105.09,106454.26,21599.98726,00:00.0,2262214972.0749383,3193300,11664.89904,1221914552.0552013,103593.16,99573.3765,103591.824,99813.49210526317,99296.03952380952,100122.19611111112,103459.52,103553.58857142857,103710.5813,103628.51555555555,102995.34,92800.01,92910,92910,101383.07,103126.65,3554.9100000000035,3533.350000000006,21.55999999999767,3554.9100000000035,2828.470714285714,2709.8425342492224,3.4471303004606506,0.9198459249497903,0.6322833909707906,92135.1725,87129.55500000001,87840.1311111111,88498.33125,87778.68636363637,88485.29583333334,1,26,1,25
101,2025/5/19,106454.27,107108.62,102000,105573.74,30260.03524,00:00.0,3150324504.595452,4881371,14208.309,1480452895.0841565,104063.268,100145.5305,103911.09,100455.46263157895,99901.03761904762,100804.54388888889,104070.01,103887.34,103916.1725,104015.43444444444,103852.04545454546,92910,92910,93377,102612.5,106454.26,5108.619999999995,654.3600000000006,4454.259999999995,5108.619999999995,3073.0221428571426,2881.1837818028494,4.798887334334949,0.4009283836957225,0.5507416172404802,92770.9755,89701.54400000001,90493.43444444443,91044.80125,88886.34636363637,89334.98416666668,1,27,1,26
102,2025/5/20,105573.73,107320,104184.72,106849.99,23705.48275,00:00.0,2509102444.6695986,3878351,12350.46275,1307273652.3895233,104476.452,100711.3765,104171.265,101055.55421052632,100404.01666666668,101309.20111111112,104315.01333333335,104284.82857142856,104098.14,104100.34666666666,104062.24,92910,93377,93377,102000,105573.74,3135.279999999999,1746.2599999999948,1389.020000000004,3135.279999999999,3043.8528571428574,2899.3335116740745,2.9697536527549357,-0.216607563,0.5311097288922066,92770.9755,89701.54400000001,90493.43444444443,91044.80125,88886.34636363637,89334.98416666668,1,28,1,27
103,2025/5/21,106850,110797.38,106100.01,109643.99,45531.04035,00:00.0,4914709514.320026,6835279,23661.6494,2555528481.098726,105093.70800000001,101345.276,104375.311,101600.82157894738,101003.69142857143,101862.69277777777,104872.04166666667,104677.15285714285,104605.47374999999,104403.9011111111,104414.78545454546,93377,93377,93377,102000,106849.99,4697.37000000001,3947.3899999999994,749.9800000000105,4697.37000000001,3240.280000000001,3027.7646894116415,4.396228768949824,0.920696609521694,0.5878745847912707,92770.9755,89701.54400000001,90493.43444444443,91044.80125,88886.34636363637,89334.98416666668,1,29,1,28
104,2025/5/22,109643.99,111980,109177.37,111696.21,31630.77313,00:00.0,3509432834.573417,5794216,16584.56293,1840083098.5827856,106329.726,102002.98000000001,104927.91,102272.23473684212,101740.45285714287,102628.66888888889,105852.08833333333,105553.74857142857,105298.0075,105165.30888888889,104854.28181818183,93377,93377,93377,102000,109643.99,2802.6300000000047,2336.0099999999948,466.6200000000099,2802.6300000000047,2921.220000000001,3011.683640167953,2.5561182149609882,-0.305292106,0.48819282742960984,92770.9755,89701.54400000001,90493.43444444443,91044.80125,88886.34636363637,89334.98416666668,1,30,1,29
105,2025/5/23,111696.22,111800,106800,107318.3,31737.72309,00:00.0,3469704446.3904047,5251192,14309.31652,1565622441.187517,108043.63799999999,102743.43350000001,105818.399,103105.90789473684,102464.56238095238,103596.36833333333,107224.14000000001,106686.96285714286,106321.55625000001,106008.91888888889,105543.21,93377,93377,93377,104184.72,111696.21,5000,103.7899999999936,4896.210000000006,5000,3132.208571428572,3153.706237298814,4.476427624536231,0.003381199680464464,0.20342645693914946,92770.9755,89701.54400000001,90493.43444444443,91044.80125,88886.34636363637,89334.98416666668,1,31,1,30
106,2025/5/24,107318.3,109506.03,106875.41,107761.91,16782.53129,00:00.0,1819958819.7748585,2805418,8786.90747,953683093.321657,108216.446,103316.5275,106139.857,103792.25947368421,102961.2842857143,104295.51388888889,107922.74833333334,107237.59142857145,106765.88,106432.30555555556,105954.75363636365,93377,93377,93377,106100.01,107318.3,2630.6199999999953,2187.729999999996,442.8899999999994,2630.6199999999953,3165.4092857142855,3116.342934634613,2.4512315234214435,-0.471211869,0.14782906510143554,92770.9755,89701.54400000001,90493.43444444443,91044.80125,88886.34636363637,89334.98416666668,1,32,1,31
107,2025/5/25,107761.9,109299.99,106600.64,109004.19,17710.04695,00:00.0,1904366455.425858,3151168,7867.16712,846688135.0097136,108654.08,103990.742,106565.26600000002,104477.95578947368,103528.21238095238,104902.61888888889,108140.69,107899.77142857143,107303.1313,106876.55,106287.31636363636,93377,93377,95784.61,106800,107761.91,2699.350000000006,1538.0800000000017,1161.270000000004,2699.350000000006,3242.0099999999998,3086.5577250178553,2.5049203378076776,0.05526673205445887,0.2380913863093335,92770.9755,89701.54400000001,90493.43444444443,91044.80125,88886.34636363637,89334.98416666668,1,33,1,32
108,2025/5/26,109004.2,110422.22,108670.58,109434.79,14649.11593,00:00.0,1605578282.1079032,2887863,7301.11288,800269021.1922797,109084.92,104704.2675,107089.31399999998,105118.49105263158,104229.47761904763,105567.82388888889,108712.43166666669,108264.04714285715,108037.82375000001,107492.13777777778,106786.98636363634,93377,95784.61,96876.29,106600.64,109004.19,1751.6399999999994,1418.0299999999988,333.6100000000006,1751.6399999999994,3002.7642857142855,2991.2064589451516,1.606947402664062,-0.17283585,0.3384992038721919,93303.0045,92344.51,93040.28888888888,94371.57625,91456.33,90562.83333333333,1,34,1,33
109,2025/5/27,109434.78,110718,107516.57,108938.17,21276.65635,00:00.0,2327603851.1192646,3735509,9969.89271,1090553624.461599,109043.08,105334.30600000001,107686.403,105771.34842105264,104929.53047619048,105910.77888888889,109143.23166666667,108815.62571428572,108410.39,108193.04222222223,107302.53909090908,95784.61,96876.29,100718.37,106600.64,109434.79,3201.429999999993,1283.2100000000064,1918.2199999999866,3201.429999999993,2978.1128571428562,3006.2224261633546,2.9254225278816666,0.45241913926201005,0.2570084639032108,93303.0045,92344.51,93040.28888888888,94371.57625,91456.33,90562.83333333333,1,35,1,34
110,2025/5/28,108938.17,109284.7,106769.43,107781.78,15633.78829,00:00.0,1689136748.5130312,2933262,6877.27341,743282966.7207197,108491.472,105929.68950000001,108267.55500000001,106070.11526315789,105505.91857142857,106242.23333333334,109025.59500000002,109113.93714285715,108830.9438,108469.03222222223,107800.20000000001,96876.29,100718.37,100718.37,106600.64,108938.17,2515.270000000004,346.52999999999884,2168.7400000000052,2515.270000000004,3032.4249999999997,2971.154395723115,2.308896872418551,-0.265214043,0.22063749034625993,93303.0045,92344.51,93040.28888888888,94371.57625,91456.33,90562.83333333333,0,1,1,35
111,2025/5/29,107781.78,108891.91,105322.86,105589.75,19834.70116,00:00.0,2128639017.5081613,3774926,9457.49356,1015173771.5489898,108584.16799999999,106155.69850000001,108400.307,106323.26210526316,106017.8842857143,106407.35833333334,108373.18999999999,108847.90714285716,108947.41750000001,108714.37000000001,108223.39363636362,100718.37,100718.37,100718.37,106769.43,107781.78,3569.050000000003,1110.1300000000047,2458.9199999999983,3569.050000000003,3086.6692857142866,3013.8612246000357,3.3113667263613604,0.26870728911476127,0.08570101046126113,93303.0045,92344.51,93040.28888888888,94371.57625,91456.33,90562.83333333333,0,2,0,1
112,2025/5/30,105589.75,106313.12,103621,103985.48,23706.49799,00:00.0,2493078549.591861,4307572,11070.98746,1164158558.6435854,108149.73599999999,106286.5865,108401.90800000001,106364.32631578947,106128.74857142859,106489.12222222223,108085.09833333334,107975.55571428571,108440.63750000001,108574.34333333334,108144.8018181818,100718.37,100718.37,100718.37,105322.86,105589.75,2692.1199999999953,723.3699999999953,1968.75,2692.1199999999953,3175.403571428572,2990.8797085571755,2.5496035363280956,0.19520318449809193,0.023066962208700834,93303.0045,92344.51,93040.28888888888,94371.57625,91456.33,90562.83333333333,0,3,0,2
113,2025/5/31,103985.47,104900,103068.55,104591.88,11289.35922,00:00.0,1174000801.507038,2343787,5278.95175,548980630.8493577,107145.99399999999,106245.384,108115.45700000001,106357.35157894736,106177.01000000002,106555.46444444446,107455.69333333334,107499.43857142857,107476.7963,107945.62000000001,108000.41454545454,100718.37,100718.37,101383.07,103621,103985.48,1831.449999999997,914.5200000000041,916.929999999993,1831.449999999997,3227.838571428572,2908.0633008030914,1.761255513750571,-0.523786296,0.06403778554071839,93303.0045,92344.51,93040.28888888888,94371.57625,91456.33,90562.83333333333,0,4,0,3
114,2025/6/1,104591.88,105866.91,103752.49,105642.93,9709.70006,00:00.0,1016188486.9505996,1939359,4640.3507,485683466.9347843,106177.41199999998,106269.07800000001,107610.246,106452.11789473685,106166.64571428571,106582.58444444445,106720.30833333333,107046.57714285715,107135.99375000001,107156.25,107795.13181818182,100718.37,101383.07,101383.07,103068.55,104591.88,2114.4199999999983,1275.0299999999988,839.3899999999994,2114.4199999999983,3124.9464285714284,2851.37449360287,2.021590968629685,-0.139924608,0.03937701870737734,93303.0045,92344.51,93040.28888888888,94371.57625,91456.33,90562.83333333333,0,5,0,4
115,2025/6/2,105642.93,105935.63,103659.88,105857.99,13453.98813,00:00.0,1409004206.9863732,2997656,6494.65497,680177826.6144172,105518.36399999999,106411.65849999999,107004.91799999999,106533.12894736842,106239.26142857142,106701.20166666666,106088.33166666667,106566.39714285712,106871.1213,106970.09777777777,107431.39909090908,101383.07,101383.07,101383.07,103068.55,105642.93,2275.75,292.70000000001164,1983.0499999999884,2275.75,2922.5985714285716,2810.2584583455227,2.154190535987595,0.3856234535426011,0.014256202388414555,93857.898,94300.553,95623.94888888887,97773.1925,93553.45727272728,92638.54666666668,0,6,0,5
116,2025/6/3,105858,106794.67,104872.5,105376.89,13259.52634,00:00.0,1402493746.5993218,2470698,6260.22436,662160926.8241225,105133.606,106499.372,106858.88699999999,106656.82210526316,106385.29333333333,106817.55055555556,105574.96833333332,106055.42571428571,106477.8463,106758.55111111111,106900.65181818181,101383.07,101383.07,102000,103068.55,105857.99,1922.1699999999983,936.679999999993,985.4900000000052,1922.1699999999983,2835.9478571428576,2746.8235684636998,1.8158005834042363,-0.01445384,0.07695024013318517,93857.898,94300.553,95623.94888888887,97773.1925,93553.45727272728,92638.54666666668,0,7,0,6
117,2025/6/4,105376.9,106000,104179,104696.86,14034.89482,00:00.0,1476928482.368878,2274464,6979.9491,734803757.4185839,105091.03399999999,106592.8255,106620.38500000001,106741.72631578948,106445.92047619048,106923.82777777778,105174.15333333334,105546.67142857143,105970.6088,106355.51777777779,106724.16,101383.07,102000,102000,103659.88,105376.89,1821,623.1100000000006,1197.8899999999994,1821,2630.492857142857,2680.6933135734353,1.7280828842073437,0.05847633317496004,0.290502343864061,93857.898,94300.553,95623.94888888887,97773.1925,93553.45727272728,92638.54666666668,0,8,0,7
118,2025/6/5,104696.86,105909.71,100372.26,101508.68,22321.50154,00:00.0,2301567892.5305448,3963295,10005.36019,1031668517.0427113,105233.31000000001,106639.48300000001,106189.652,106806.61894736842,106502.54142857144,107011.06166666666,105025.33833333332,105105.96857142857,105440.445,105829.08111111111,106445.51909090909,102000,102000,102000,103659.88,104696.86,5537.450000000012,1212.8500000000058,4324.600000000006,5537.450000000012,2825.837142857143,2884.747362603905,5.28903159082327,0.5904288436983101,0.5608165575127396,93857.898,94300.553,95623.94888888887,97773.1925,93553.45727272728,92638.54666666668,0,9,0,8
119,2025/6/6,101508.69,105333,101095.8,104288.44,15839.07385,00:00.0,1642382404.9355752,2709327,7655.60679,793575821.4357933,104616.67,106541.722,105397.04100000001,106721.46263157895,106395.15904761906,106736.30722222223,104612.53833333333,104522.95857142856,104656.3075,105003.58222222222,105764.10909090911,100372.26,100372.26,100372.26,100372.26,101508.68,4237.199999999997,3824.320000000007,412.8799999999901,4237.199999999997,2771.3514285714286,2981.351122417912,4.174224312640059,-0.290411811,0.18288105904483196,93857.898,94300.553,95623.94888888887,97773.1925,93553.45727272728,92638.54666666668,0,10,0,9
120,2025/6/7,104288.43,105900,103871.09,105552.15,8344.93206,00:00.0,877915380.954823,1402494,3970.01912,417664199.1912712,104345.772,106599.8115,104932.068,106607.47210526315,106434.42285714287,106664.90166666667,104561.96500000001,104566.23857142856,104493.64374999999,104615.43333333332,105296.2590909091,100372.26,100372.26,100372.26,100372.26,104288.44,2028.9100000000035,1611.5599999999977,417.3500000000058,2028.9100000000035,2728.3721428571434,2913.3196136737756,1.945479288020804,-0.473142676,0.12708914690333142,93857.898,94300.553,95623.94888888887,97773.1925,93553.45727272728,92638.54666666668,0,11,0,10
121,2025/6/8,105552.15,106488.14,104964.14,105734,8048.06305,00:00.0,850887129.4282976,1295154,4361.42266,461098506.088324,104284.604,106554.706,104709.105,106606.33578947368,106549.92285714285,106592.79944444443,104546.835,104703.42,104689.4775,104611.25555555554,104988.4390909091,100372.26,100372.26,100372.26,100372.26,105552.15,1524,935.9900000000052,588.0099999999948,1524,2644.4185714285713,2814.082498411363,1.4438360563948722,-0.035574767,0.20029276568626883,93857.898,94300.553,95623.94888888887,97773.1925,93553.45727272728,92638.54666666668,0,12,0,11
122,2025/6/9,105734.01,110530.17,105318.37,110263.02,19975.37451,00:00.0,2154922022.221173,2839846,10623.88217,1146790065.5135615,104356.026,106562.719,104723.53,106547.59947368421,106515.62476190476,106375.57777777777,104526.17,104716.43000000001,104832.2425,104805.53555555554,104802.27727272728,100372.26,100372.26,100372.26,101095.8,105734,5211.800000000003,4796.169999999998,415.63000000000466,5211.800000000003,2891.5728571428576,2985.348034239123,4.929161859004675,1.4820101912596226,0.04054888333044986,94078.01950000001,96634.954,98657.72666666665,100519.9425,95339.95727272728,94568.5025,0,13,0,12
123,2025/6/10,110263.02,110400,108331.03,110274.39,17071.82839,00:00.0,1867620550.1921728,3003420,8009.29581,876411274.3969488,105469.258,106733.3705,105351.28400000001,106580.18,106738.92380952381,106295.95611111111,105340.52500000001,105345.72,105409.7538,105435.66222222222,105227.12000000001,100372.26,100372.26,100372.26,103871.09,110263.02,2068.970000000001,136.97999999999593,1931.9900000000052,2068.970000000001,2810.682857142858,2919.8924603649,1.8763951867090172,-0.145356279,0.06701129676600003,94078.01950000001,96634.954,98657.72666666665,100519.9425,95339.95727272728,94568.5025,0,14,0,13
124,2025/6/11,110274.39,110392.01,108064,108645.12,13115.91638,00:00.0,1434884639.7506304,2667014,6030.96867,659947218.0033869,107222.4,106764.89050000001,105919.535,106505.34736842106,106901.99047619049,106460.18333333333,106270.11333333334,106045.36285714286,105961.8038,105950.2688888889,105798.8390909091,100372.26,100372.26,100372.26,104964.14,110274.39,2328.0099999999948,117.61999999999534,2210.3899999999994,2328.0099999999948,2797.307142857143,2877.615141767407,2.1111066676496644,-0.231721636,0.04229342921945085,94078.01950000001,96634.954,98657.72666666665,100519.9425,95339.95727272728,94568.5025,0,15,0,14
125,2025/6/12,108645.13,108813.55,105671.72,105671.73,17778.67218,00:00.0,1908309274.0868344,3517420,8291.22648,890420511.4704415,108093.73599999999,106612.33599999998,106219.754,106575.18,106854.42523809522,106509.25055555555,107459.52,106609.4,106370.3325,106259.95000000001,106167.31545454547,100372.26,100372.26,100372.26,105318.37,108645.12,3141.8300000000017,168.43000000000757,2973.399999999994,3141.8300000000017,2766.7914285714287,2896.4876316411637,2.89182799926955,0.35550362360574916,0.003867991918640867,94078.01950000001,96634.954,98657.72666666665,100519.9425,95339.95727272728,94568.5025,0,16,0,15
126,2025/6/13,105671.74,106179.53,102664.31,106066.59,26180.81734,00:00.0,2735461890.6929703,5452577,12793.70705,1337300355.9952192,108117.652,106530.00749999999,106201.128,106465.1705263158,106567.54523809522,106324.11388888888,107690.06833333334,107204.12142857142,106492.1913,106292.71,106169.93363636364,100372.26,100372.26,100372.26,105671.72,105671.73,3515.220000000001,507.8000000000029,3007.4199999999983,3515.220000000001,2825.584285714286,2940.6828008096522,3.3265472231788022,0.4725968888414478,0.10413333967135213,94078.01950000001,96634.954,98657.72666666665,100519.9425,95339.95727272728,94568.5025,0,17,0,16
127,2025/6/14,106066.59,106252,104300,105414.64,8798.93969,00:00.0,925568614.1784064,1521776,3848.55498,405001275.9262716,108184.17,106445.2415,106270.098,106310.56000000001,106507.94000000002,106136.99166666667,107775.80833333333,107458.14285714284,107061.93,106444.90222222223,106188.89727272726,100372.26,100372.26,100372.26,102664.31,106066.59,1952,185.4100000000035,1766.5899999999965,1952,2834.1950000000006,2870.0626007518204,1.8403533101233858,-0.66391654,0.04107515501280956,94078.01950000001,96634.954,98657.72666666665,100519.9425,95339.95727272728,94568.5025,0,18,0,17
128,2025/6/15,105414.63,106128.57,104494.53,105594.01,7164.20047,00:00.0,754596887.8748003,1564768,3356.46912,353608577.6853774,107214.49399999999,106265.764,106341.876,106098.97315789474,106396.16523809523,105941.23999999999,107722.58166666667,107438.49857142857,107202.705,106878.89777777778,106192.3290909091,100372.26,100372.26,100372.26,102664.31,105414.64,1634.0400000000081,713.9300000000076,920.1100000000006,1634.0400000000081,2799.882142857144,2781.7752721266907,1.550107271627554,-0.185788206,0.0025533798356051724,94078.01950000001,96634.954,98657.72666666665,100519.9425,95339.95727272728,94568.5025,0,19,0,18
129,2025/6/16,105594.02,108952.38,104980.37,106794.53,14922.6654,00:00.0,1599849840.7325244,2928998,7442.34921,797865030.1366178,106278.41799999999,106073.725,106750.40900000001,105922.9647368421,106233.77571428572,105819.69722222221,106944.41333333333,107418.5,107207.9375,107023.96111111112,106273.88818181818,100372.26,100372.26,100372.26,102664.31,105594.01,3972.0100000000093,3358.37000000001,613.6399999999994,3972.0100000000093,2921.0435714285736,2866.7920384033564,3.7615864763541125,1.0829491668314524,0.04649137873687489,94226.72,99351.35500000001,101083.72777777776,103071.7888,97449.41363636364,96194.46166666667,0,20,0,19
130,2025/6/17,106794.53,107771.34,103371.02,104551.17,17866.33025,00:00.0,1883173484.8991,3723010,8082.6529,852365443.211356,105908.3,105966.54299999999,107001.018,105871.00421052631,106108.04904761903,105886.62944444444,106364.43666666666,106923.00142857143,107340.5038,107162.00333333334,106754.41999999998,100372.26,100372.26,100372.26,104300,106794.53,4400.319999999992,976.8099999999977,3423.5099999999948,4400.319999999992,3098.0542857142873,2976.329749945973,4.120360846196891,0.1972613317457348,0.03769268130574217,94226.72,99351.35500000001,101083.72777777776,103071.7888,97449.41363636364,96194.46166666667,0,21,0,20
131,2025/6/18,104551.17,105550.27,103500,104886.78,13968.64167,00:00.0,1461383024.362209,3468170,6656.31474,696386846.6904296,105684.188,105805.0125,106900.92,105816.34210526316,105899.1442857143,105918.05666666667,105682.11166666665,106105.39857142858,106626.52249999999,107030.57777777777,106778.30454545455,100372.26,100372.26,100372.26,103371.02,104551.17,2050.270000000004,999.1000000000058,1051.1699999999983,2050.270000000004,3114.4307142857165,2910.1826249498326,1.9610206179423952,-0.218158319,0.008807998434294336,94226.72,99351.35500000001,101083.72777777776,103071.7888,97449.41363636364,96194.46166666667,0,22,0,21
132,2025/6/19,104886.79,105226.17,103929.27,104658.59,7678.60737,00:00.0,803402575.962045,1718045,3583.19736,374871407.4107335,105448.226,105769.86399999999,106816.198,105863.77894736842,105761.28714285714,105934.44,105551.28666666667,105568.49285714285,105953.0713,106433.21777777777,106717.81636363636,100372.26,100372.26,100372.26,103371.02,104886.78,1296.8999999999942,339.3899999999994,957.5099999999948,1296.8999999999942,2811.5342857142864,2794.9481517391296,1.2364761316917101,-0.450296775,0.16932969864356628,94226.72,99351.35500000001,101083.72777777776,103071.7888,97449.41363636364,96194.46166666667,0,23,0,22
133,2025/6/20,104658.59,106524.65,102345,103297.99,16419.06283,00:00.0,1714411911.0114017,3029404,7113.97039,743649283.0800211,105297.01599999999,105803.51950000001,106255.755,105867.29,105716.94619047617,105879.75444444445,105316.62,105423.75857142858,105454.755,105809.23999999999,106620.0518181818,100372.26,100372.26,100372.26,103371.02,104658.59,4179.649999999994,1866.0599999999977,2313.5899999999965,4179.649999999994,2807.423571428572,2893.855426614906,3.9936043472399105,1.1382865458323335,0.05764103853382551,94226.72,99351.35500000001,101083.72777777776,103071.7888,97449.41363636364,96194.46166666667,0,24,0,23
134,2025/6/21,103297.98,103982.64,100837.9,102120.01,11154.21332,00:00.0,1144829784.7306418,2172578,4632.93703,475270667.42267615,104837.812,105738.825,105558.11499999999,105743.87210526316,105684.20857142856,105737.53222222222,104963.84499999999,105028.2442857143,105158.0375,105215.11444444444,105986.86727272725,100372.26,100372.26,100372.26,102345,103297.99,3144.7400000000052,684.6499999999942,2460.090000000011,3144.7400000000052,2887.125714285715,2911.77575328527,3.0443380360063204,-0.32065469,0.2007411679242496,94226.72,99351.35500000001,101083.72777777776,103071.7888,97449.41363636364,96194.46166666667,0,25,0,24
135,2025/6/22,102120.02,103399.62,98200,100963.87,28746.41072,00:00.0,2892695407.808688,5121309,13142.02965,1322387353.31664,103902.908,105562.679,104905.604,105547.13631578948,105566.50047619047,105556.59444444445,104384.84499999999,104557.58285714287,104664.715,104820.47888888889,105245.56,100372.26,100372.26,100372.26,100837.9,102120.01,5199.619999999995,1279.6100000000006,3920.0099999999948,5199.619999999995,3149.6700000000005,3075.1931994791794,5.091675960470426,1.577179572893447,0.2639568207182951,94226.72,99351.35500000001,101083.72777777776,103071.7888,97449.41363636364,96194.46166666667,0,26,0,25
136,2025/6/23,100963.87,106074.2,99613.33,105333.93,27666.50609,00:00.0,2836166831.044449,4944207,13408.20163,1375654853.258466,103185.448,105317.973,104434.818,105314.87210526314,105343.6880952381,105349.20611111111,103413.06833333334,103896.13428571427,104108.3688,104253.51,104547.26454545456,98200,98200,98200,98200,100963.87,6460.869999999995,5110.330000000002,1350.5399999999936,6460.869999999995,3238.8892857142855,3317.0272566592375,6.399190126131255,-0.03756659,0.27517338286236837,94389.88399999999,101071.742,102837.57555555555,103973.60999999999,99497.94727272727,97742.28499999999,0,27,0,26
137,2025/6/24,105333.94,106290,104622.02,106083,14651.69335,00:00.0,1543451113.4563613,2973481,6848.32158,721631005.2893264,103274.878,105315.825,104361.552,105348.40210526316,105318.73285714287,105561.72,103543.52833333332,103687.47714285714,104075.8588,104244.54222222223,104516.55545454544,98200,98200,98200,98200,105333.93,1667.979999999996,956.070000000007,711.9099999999889,1667.979999999996,3210.247142857142,3199.2381668978633,1.5835163465371473,-0.470417649,0.2247349516389085,94389.88399999999,101071.742,102837.57555555555,103973.60999999999,99497.94727272727,97742.28499999999,0,28,0,27
138,2025/6/25,106083,108135.3,105808.03,107340.58,16701.15551,00:00.0,1789545470.94629,2988892,8576.13709,919352853.806412,103559.76,105385.13200000001,104428.388,105589.15578947368,105352.35714285714,105661.41777777778,103742.89833333333,103906.30999999998,103986.9175,104298.87444444445,104518.04727272727,98200,98200,98200,98200,106083,2327.270000000004,2052.300000000003,274.97000000000116,2327.270000000004,3210.194285714286,3136.9547264051594,2.1938199334483417,0.13987885980428327,0.07136948619918283,94389.88399999999,101071.742,102837.57555555555,103973.60999999999,99497.94727272727,97742.28499999999,0,29,0,28
139,2025/6/26,107340.59,108272.45,106562.5,106947.06,10573.27279,00:00.0,1136093974.6816013,2597742,4983.08998,535471528.1944927,104368.278,105676.727,104603.045,105749.7947368421,105478.24857142856,105760.775,104189.89666666667,104256.85285714285,104335.59374999999,104359.54666666666,104693.13272727272,98200,98200,98200,99613.33,107340.58,1709.949999999997,931.8699999999953,778.0800000000017,1709.949999999997,3107.9171428571426,3035.0258173762195,1.593013564860556,-0.366913697,0.08123736767303945,94389.88399999999,101071.742,102837.57555555555,103973.60999999999,99497.94727272727,97742.28499999999,0,30,0,29
140,2025/6/27,106947.06,107735.34,106356.76,107047.59,12232.44042,00:00.0,1308420348.9100096,2304499,4862.2801,520251258.3787664,105333.688,105809.65800000001,104618.298,105823.21105263158,105737.21904761903,105828.16722222223,104798.075,104583.77714285713,104593.1288,104625.75666666667,104816.13727272727,98200,98200,98200,104622.02,106947.06,1378.5800000000017,788.2799999999988,590.3000000000029,1378.5800000000017,2955.2999999999997,2916.7082589922043,1.2890302921838168,0.1569209139831529,0.0636827728037144,94389.88399999999,101071.742,102837.57555555555,103973.60999999999,99497.94727272727,97742.28499999999,0,31,0,30
141,2025/6/28,107047.58,107577.75,106811.51,107296.79,3282.17352,00:00.0,352025390.60311353,653305,1514.41959,162441164.0132396,106550.432,105884.43000000001,104867.94000000002,105892.34736842106,105868.60714285714,105649.53222222223,105619.33833333332,105119.43428571428,104891.75374999999,104865.84666666666,104839.14272727273,98200,98200,98200,105808.03,107047.59,766.2400000000052,530.1600000000035,236.08000000000175,766.2400000000052,2870.6028571428574,2763.103383349904,0.715793788538355,-0.731682853,0.12546219669323058,94389.88399999999,101071.742,102837.57555555555,103973.60999999999,99497.94727272727,97742.28499999999,0,32,0,31
142,2025/6/29,107296.79,108528.5,107172.52,108356.93,6831.7364,00:00.0,736708189.9495683,1223202,3771.10895,406653127.0920804,106943.004,105962.56950000001,105108.94099999999,105736.23,105951.68523809525,105484.11,106674.825,105858.9742857143,105391.6038,105158.98000000001,105088.74454545454,98200,98200,98200,106356.76,107296.79,1355.979999999996,1231.7100000000064,124.26999999998952,1355.979999999996,2850.741428571428,2662.5945702534823,1.263765672766162,1.0814671614314895,0.17396001888860418,94389.88399999999,101071.742,102837.57555555555,103973.60999999999,99497.94727272727,97742.28499999999,0,33,0,32
143,2025/6/30,108356.93,108789.99,106733.33,107146.5,9754.12491,00:00.0,1050407152.345058,1773485,4331.3813,466474537.7882122,107397.79,105867.26499999998,105478.775,105635.31105263159,106076.58666666666,105468.09944444445,107178.65833333333,106915.12571428569,106171.2188,105721.08444444445,105404.21272727274,98200,98200,98200,106356.76,108356.93,2056.6600000000035,433.0600000000122,1623.5999999999913,2056.6600000000035,2713.9307142857133,2619.313529521091,1.8980419618754458,0.42776657922574435,0.02214705006979933,94984.593,103389.511,104460.64555555554,105733.5238,101734.03181818183,100236.19583333332,0,34,0,33
144,2025/7/1,107146.51,107540,105250.85,105681.14,10505.62437,00:00.0,1117432945.8926363,2013289,4648.91727,494549276.18377846,107358.974,105710.8705,105863.626,105556.43631578947,105928.18095238095,105550.03111111111,107355.90833333333,107174.06428571428,106944.04749999999,106279.58333333333,105630.38636363637,98200,98200,98200,106733.33,107146.5,2289.149999999994,393.5,1895.6499999999942,2289.149999999994,2563.132857142856,2595.730420269584,2.136467360109751,0.07704427274962988,0.07476110546155974,94984.593,103389.511,104460.64555555554,105733.5238,101734.03181818183,100236.19583333332,0,35,0,34
145,2025/7/2,105681.13,109730,105100.19,108849.6,17691.89592,00:00.0,1915699005.8772893,2444708,9248.43029,1002261738.2088752,107105.79,105562.67149999998,106219.73899999999,105556.93157894736,105709.45476190475,105528.61722222221,107079.33499999998,107116.6557142857,106987.4488,106803.72444444445,105847.03636363636,98200,98200,98200,105250.85,105681.14,4629.809999999998,4048.8600000000006,580.9499999999971,4629.809999999998,2747.3857142857128,2741.021818821757,4.380923597152716,0.6840404051111149,0.22080362127688555,94984.593,103389.511,104460.64555555554,105733.5238,101734.03181818183,100236.19583333332,0,36,0,35
146,2025/7/3,108849.59,110529.18,108530.4,109584.78,13047.08225,00:00.0,1429459048.638326,2568944,6961.89686,763022147.911677,107466.192,105721.56499999999,107008.312,105703.40578947368,105719.19190476192,105719.44833333333,107396.425,107332.23,107333.2738,107194.35444444444,106458.81727272728,98200,98200,98200,105100.19,108849.6,1998.7799999999988,1679.5799999999872,319.20000000001164,1998.7799999999988,2797.519999999999,2688.004546048774,1.836276844379767,-0.262539057,0.2669406776215415,94984.593,103389.511,104460.64555555554,105733.5238,101734.03181818183,100236.19583333332,0,37,0,36
147,2025/7/4,109584.77,109767.59,107245,107984.24,11793.86615,00:00.0,1276215111.6683652,1975212,4787.79822,518313226.966756,107923.79,105897.47450000001,107433.397,105922.88684210526,105905.52761904763,105941.15777777779,107819.29,107709.04714285713,107613.7988,107583.44111111111,107242.53636363638,98200,98200,98200,105100.19,109584.78,2522.5899999999965,182.80999999999767,2339.779999999999,2522.5899999999965,2679.1585714285707,2676.1892213310043,2.30195288068288,-0.096053361,0.2506794891887529,94984.593,103389.511,104460.64555555554,105733.5238,101734.03181818183,100236.19583333332,0,38,0,37
148,2025/7/5,107984.25,108420.56,107756.31,108198.12,3736.9757,00:00.0,403928702.1967476,710020,1803.68528,194976807.36330116,107849.25200000001,106025.95449999999,107623.521,106048.68842105263,105996.84428571428,106007.25277777779,107933.86499999999,107842.85428571429,107743.4463,107654.95888888888,107483.47363636365,98200,98200,98200,105100.19,107984.24,664.25,436.31999999999243,227.93000000000757,664.25,2501.980714285713,2532.4792769502183,0.6151360605955091,-0.683142436,0.34281326265104,94984.593,103389.511,104460.64555555554,105733.5238,101734.03181818183,100236.19583333332,0,39,0,38
149,2025/7/6,108198.12,109700,107800.01,109203.84,6447.607,00:00.0,700733299.51122,1256591,3209.35902,348780644.233174,108059.576,106156.15999999999,107709.275,106122.56157894737,106129.39095238096,106209.8611111111,107907.39666666668,107971.61571428571,107887.2625,107793.96555555555,107675.75727272726,98200,98200,98200,107245,108198.12,1899.9900000000052,1501.8800000000047,398.1100000000006,1899.9900000000052,2266.2928571428565,2487.3014714537744,1.7560286629749253,0.7253542751161053,0.46872154027893137,94984.593,103389.511,104460.64555555554,105733.5238,101734.03181818183,100236.19583333332,0,40,0,39
150,2025/7/7,109203.85,109700,107513.2,108262.94,9405.37601,00:00.0,1020848316.053704,1961940,3920.92229,425664101.8022387,108764.11600000001,106276.6255,107934.95300000001,106367.43894736843,106301.28761904762,106449.69777777778,108250.28666666668,108092.60285714285,108125.64374999999,108033.54888888888,107845.14454545455,98200,98200,98200,107245,109203.84,2186.800000000003,496.1600000000035,1690.6399999999994,2186.800000000003,1961.0021428571429,2465.837080635648,2.0024936852037465,0.458739034497605,0.20698971273812344,95638.879,104934.965,106119.11444444444,106369.25374999999,103918.08636363636,102356.51583333332,0,41,0,40
151,2025/7/8,108262.94,109216.56,107429.57,108922.98,9216.0208,00:00.0,1000112813.4398944,1723244,4371.98866,474674358.9974899,108646.78399999999,106462.21399999999,108056.48799999998,106545.13157894737,106371.21190476192,106649.93944444443,108680.58666666667,108252.0942857143,108113.895,108140.89888888889,107964.77,98200,98200,98200,107513.2,108262.94,1786.9899999999907,953.6199999999953,833.3699999999953,1786.9899999999907,1969.5028571428568,2417.3480034473864,1.6506017664031574,-0.020132657,0.20196878280223582,95638.879,104934.965,106119.11444444444,106369.25374999999,103918.08636363636,102356.51583333332,1,1,0,41
152,2025/7/9,108922.99,111999.79,108324.53,111233.99,17282.2865,00:00.0,1902054744.194924,2328484,8935.70327,983405508.7482138,108514.424,106664.024,108219.107,106769.57315789473,106579.39333333334,106962.43888888888,108692.81666666665,108715.21428571429,108335.955,108203.79333333333,108135.26,98200,98200,98200,107429.57,108922.98,3675.2599999999948,3076.8099999999977,598.4499999999971,3675.2599999999948,2065.787857142856,2507.1988603440013,3.374182380981493,0.8752438688072404,0.25758737564414436,95638.879,104934.965,106119.11444444444,106369.25374999999,103918.08636363636,102356.51583333332,1,2,1,1
153,2025/7/10,111234,116868,110500,116010,24883.45067,00:00.0,2826460280.445224,3227017,12900.13547,1465777460.9410756,109164.374,106992.794,108506.81300000001,107187.25736842105,106881.64142857141,107468.7711111111,108967.68500000001,109055.84142857142,109030.0613,108657.95888888888,108493.18727272727,98200,98200,98200,107429.57,111233.99,6368,5634.009999999995,733.9900000000052,6368,2398.5057142857136,2782.9703703194295,5.724868810333963,0.4398239876997758,0.4648281309300404,95638.879,104934.965,106119.11444444444,106369.25374999999,103918.08636363636,102356.51583333332,1,3,1,2
154,2025/7/11,116010.01,118869.98,115222.22,117527.66,25873.52115,00:00.0,3039521803.027247,3708194,12502.93117,1468374333.9502125,110726.75,107628.39449999998,109393.16300000002,107918.3094736842,107422.18476190476,108304.66722222221,110305.31166666669,109973.73,109925.1113,109805.61,109188.9209090909,98200,98200,99613.33,107429.57,116010,3647.7599999999948,2859.979999999996,787.7799999999988,3647.7599999999948,2560.589999999999,2844.741058153756,3.14434962503232,0.03978831136923433,0.5010903902691101,95638.879,104934.965,106119.11444444444,106369.25374999999,103918.08636363636,102356.51583333332,1,4,1,3
155,2025/7/12,117527.66,118200,116900.05,117420,8446.60437,00:00.0,993093353.4068904,1441851,3784.55219,444996040.90597874,112391.51400000001,108398.777,110577.81499999999,108790.08789473683,108099.78809523808,108982.09666666666,111860.23499999999,111337.07571428572,110917.9713,110769.83888888889,110132.66272727273,98200,99613.33,104622.02,108324.53,117527.66,1299.949999999997,672.3399999999965,627.6100000000006,1299.949999999997,2598.712142857141,2734.398839714202,1.1060800495815173,-0.673542526,0.4873256088793739,95638.879,104934.965,106119.11444444444,106369.25374999999,103918.08636363636,102356.51583333332,1,5,1,4
156,2025/7/13,117420,119488,117224.79,119086.64,9550.792947,00:00.0,1132096857.0116916,1650283,4766.474307,565024389.3723919,114222.926,109221.5835,111434.85500000001,109426.19684210524,108828.35904761904,109611.93,113229.59499999999,112654.48714285715,112097.4413,111640.41888888889,111199.8318181818,99613.33,104622.02,105100.19,110500,117420,2263.2100000000064,2068,195.2100000000064,2263.2100000000064,2663.5142857142846,2700.742494020331,1.927448475557832,0.1307257364772254,0.5018693149366519,95638.879,104934.965,106119.11444444444,106369.25374999999,103918.08636363636,102356.51583333332,1,6,1,5
157,2025/7/14,119086.65,123218,118905.18,119841.18,27269.34888,00:00.0,3299746181.077073,4076133,14099.58075,1705505292.664724,116255.65800000001,109909.219,112385.041,110110.59894736842,109691.34809523809,110264.4888888889,115033.545,114066.31571428572,113458.5063,112874.0188888889,112130.47181818182,104622.02,105100.19,105100.19,115222.22,119086.64,4312.820000000007,4131.360000000001,181.4600000000064,4312.820000000007,2824.6685714285704,2815.890887304594,3.6215817324260784,1.855192132038165,0.6067158615149372,96780.311,107415.867,107782.29666666668,107948.30124999999,106221.48090909091,105182.13249999999,1,7,1,6
158,2025/7/15,119841.17,119940.83,115736.92,117758.09,32018.46083,00:00.0,3755258445.553272,3805374,15667.30508,1837578524.9238648,117977.09599999999,110597.128,113570.73500000002,110768.52526315789,110382.1695238095,110980.82888888888,116853.24500000001,115720.34999999999,114788.17374999999,114167.69222222222,113062.87181818181,105100.19,105100.19,105100.19,116900.05,119841.18,4203.9100000000035,99.65000000000873,4104.259999999995,4203.9100000000035,2961.4371428571426,2915.0351096399804,3.5079010403602533,0.1741556783926579,0.5606408703638265,96780.311,107415.867,107782.29666666668,107948.30124999999,106221.48090909091,105182.13249999999,1,8,1,7
159,2025/7/16,117758.08,120063.84,117017.29,118630.43,17039.90851,00:00.0,2023850383.723488,2429625,8355.96881,992430971.3675904,118326.714,111118.00349999999,114526.732,111337.52684210525,110938.12619047619,111575.85666666666,117940.59499999999,116982.50857142858,115975.0675,115118.16444444444,113951.40363636363,105100.19,105100.19,105100.19,115736.92,117758.09,3046.550000000003,2305.75,740.8000000000029,3046.550000000003,2848.347142857143,2924.429030379982,2.5871258611616432,-0.46780988,0.5082215262912134,96780.311,107415.867,107782.29666666668,107948.30124999999,106221.48090909091,105182.13249999999,1,9,1,8
160,2025/7/17,118630.44,120998.71,117453.57,119177.56,15728.57651,00:00.0,1869114355.1231644,2347985,7696.17927,914659207.5744278,118547.268,111702.17199999999,115469.39099999999,111947.15000000001,111475.73809523809,112205.50333333333,118377.33333333333,118039.14285714286,117188.4988,116270.10777777777,114899.79545454546,105100.19,105100.19,105100.19,115736.92,118630.43,3545.1399999999994,2368.2800000000134,1176.859999999986,3545.1399999999994,2958.8014285714285,2968.765528209983,2.9883900783298176,-0.076956516,0.5033688125615242,96780.311,107415.867,107782.29666666668,107948.30124999999,106221.48090909091,105182.13249999999,1,10,1,9
161,2025/7/18,119177.56,120820.71,116812.76,117924.84,19924.66266,00:00.0,2367355518.470308,2805236,8951.37863,1063782057.4785626,118898.78,112308.67050000001,116560.853,112572.45368421053,112058.14285714286,112806.64944444444,118652.31666666667,118491.65142857144,118181.445,117409.50555555556,115806.49727272727,105100.19,105100.19,105100.19,115736.92,119177.56,4007.9500000000116,1643.1500000000087,2364.800000000003,4007.9500000000116,3064.8985714285727,3042.9929904806995,3.3630072641191946,0.26678104959671267,0.5313175130707276,96780.311,107415.867,107782.29666666668,107948.30124999999,106221.48090909091,105182.13249999999,1,11,1,10
162,2025/7/19,117924.84,118499.9,117277.34,117840,6635.80306,00:00.0,783327898.4969696,1133382,2978.3832,351626384.05029035,118666.42,112840.073,117461.03899999999,113076.02789473684,112576.10714285714,113405.44611111112,118736.45666666667,118548.39142857143,118420.8,118152.93333333332,116684.8518181818,105100.19,105100.19,105100.19,116812.76,117924.84,1222.5599999999977,575.0599999999977,647.5,1222.5599999999977,3104.777857142858,2912.9620625892207,1.036728139720179,-0.666955312,0.5189302648501274,96780.311,107415.867,107782.29666666668,107948.30124999999,106221.48090909091,105182.13249999999,1,12,1,11
163,2025/7/20,117840.01,118856.8,116467.02,117265.12,12962.92889,00:00.0,1528864683.816082,1615935,6581.33371,776457462.9818255,118266.18399999998,113314.22649999999,118121.63999999998,113638.84368421051,113078.16476190476,114080.93833333334,118528.68333333333,118608.39142857143,118459.8425,118356.26666666666,117495.48999999999,105100.19,105100.19,105100.19,116812.76,117840,2389.779999999999,1016.8000000000029,1372.979999999996,2389.779999999999,3139.7628571428577,2875.5919152614197,2.027987101154106,0.9534830634349776,0.4441608731056219,96780.311,107415.867,107782.29666666668,107948.30124999999,106221.48090909091,105182.13249999999,1,13,1,12
164,2025/7/21,117265.11,119676.73,116515,117380.36,17107.33128,00:00.0,2020783266.9633648,2509543,8426.31812,995117241.6679094,118167.59,113820.1575,118247.152,114248.52684210525,113502.36428571428,114548.46722222221,118099.33999999998,118348.17428571428,118440.4825,118327.09555555554,118043.77454545455,105100.19,105100.19,107245,116467.02,117265.12,3161.729999999996,2411.6100000000006,750.1199999999953,3161.729999999996,3209.4007142857145,2896.0303498856038,2.696223736435861,0.31971188187239985,0.5262944619537707,97930.06700000001,108730.579,108983.50333333334,108980.9175,108311.25363636365,107141.78416666666,1,14,1,13
165,2025/7/22,117380.36,120247.8,116128,119954.42,20959.12973,00:00.0,2481252763.6519103,2778733,10811.45507,1280627214.6285224,117917.576,114405.11850000001,118232.42199999998,114697.51421052632,113989.69095238096,114981.555,118036.385,117996.62857142858,118227.1975,118322.69111111111,118168.35272727272,105100.19,107245,107245,116467.02,117380.36,4119.800000000003,2867.4400000000023,1252.3600000000006,4119.800000000003,3376.030000000001,2983.442467750918,3.509786475352438,0.22515484074965553,0.5734246395898425,97930.06700000001,108730.579,108983.50333333334,108980.9175,108311.25363636365,107141.78416666666,1,15,1,14
166,2025/7/23,119954.43,120090,117301,118755.99,14558.75083,00:00.0,1722126986.886661,2101404,7070.08701,836266328.744683,118072.948,114960.35949999999,118485.86399999999,115243.28473684209,114669.37095238095,115646.565,118257.05,118310.39,118241.35250000001,118419.11111111111,118388.96727272727,107245,107245,107429.57,116128,119954.42,2789,135.58000000000175,2653.4199999999983,2789,3312.7257142857156,2969.5537200544236,2.325049798081638,-0.305374268,0.4150014013605256,97930.06700000001,108730.579,108983.50333333334,108980.9175,108311.25363636365,107141.78416666666,1,16,1,15
167,2025/7/24,118756,119450,117103.1,118340.99,15806.89043,00:00.0,1873181653.2018075,2081435,7651.73992,906619084.6035932,118239.178,115418.92,118452.799,115810.2189473684,115141.10380952379,116233.11333333334,118186.78833333333,118328.32714285715,118366.09,118298.53444444445,118510.42090909091,107245,107429.57,107429.57,116128,118755.99,2346.899999999994,694.0099999999948,1652.8899999999994,2346.899999999994,3025.5042857142867,2925.07845433625,1.976237156542583,0.08573122890653928,0.16935128227284144,97930.06700000001,108730.579,108983.50333333334,108980.9175,108311.25363636365,107141.78416666666,1,17,1,16
168,2025/7/25,118340.98,118451.57,114723.16,117614.31,38406.34873,00:00.0,4456778786.620495,3282355,17042.77355,1977873720.8964725,118339.376,115936.75749999999,118302.78,116344.0542105263,115558.0661904762,116740.73277777777,118256.14666666667,118208.81714285714,118329.91,118363.30111111111,118442.63454545454,107429.57,107429.57,107429.57,116128,118340.99,3728.4100000000035,110.58000000000175,3617.8300000000017,3728.4100000000035,3031.2650000000017,2982.4592790265183,3.150565159206462,1.4297219557559746,0.0066791282061108345,97930.06700000001,108730.579,108983.50333333334,108980.9175,108311.25363636365,107141.78416666666,1,18,1,17
169,2025/7/26,117614.31,118297.35,117138.38,117919.99,6991.67206,00:00.0,823629079.7493103,790372,3167.88355,373290310.2164352,118409.21399999999,116407.567,118288.402,116786.71052631579,116016.64095238096,117260.25333333334,118218.53166666668,118164.45571428571,118134.50374999999,118250.3988888889,118240.19181818183,107429.57,107429.57,107429.57,114723.16,117614.31,1158.9700000000012,683.0400000000081,475.929999999993,1158.9700000000012,3021.195000000002,2852.210044810339,0.9853988005371125,-0.817955304,0.03796065223775881,97930.06700000001,108730.579,108983.50333333334,108980.9175,108311.25363636365,107141.78416666666,1,19,1,18
170,2025/7/27,117919.99,119766.65,117825.5,119415.55,9328.30919,00:00.0,1107883542.1607983,1095080,5238.30358,622261561.2507277,118517.13999999998,116843.3745,118217.35800000001,117294.97631578946,116479.58714285714,117760.08722222224,118327.67666666668,118175.88285714285,118133.89749999999,118110.66888888889,118254.91,107429.57,107429.57,108324.53,114723.16,117919.99,1941.1499999999942,1846.659999999989,94.49000000000524,1941.1499999999942,2998.1907142857153,2787.134327323886,1.64615855208264,0.3342029073943722,0.025300399455681064,97930.06700000001,108730.579,108983.50333333334,108980.9175,108311.25363636365,107141.78416666666,0,1,1,19
171,2025/7/28,119415.56,119800,117427.5,118062.32,13961.74754,00:00.0,1655882235.896518,1824777,7224.91774,857128354.2234088,118409.36600000001,117401.005,118241.157,117847.21684210525,116965.85904761904,118214.61833333333,118666.875,118483.08714285714,118330.8413,118276.30333333333,118326.28454545456,107429.57,108324.53,110500,114723.16,119415.55,2372.5,384.4499999999971,1988.050000000003,2372.5,2859.596428571429,2757.517589657894,1.9867596807953403,0.4967072012328957,0.13080930194241563,99864.126,110026.70800000001,110140.3211111111,110702.495,109701.94,109236.61166666668,0,2,0,1
172,2025/7/29,118062.32,119273.36,116950.75,117950.76,15137.93445,00:00.0,1788682083.6856463,1956694,7988.93736,944162800.0745872,118270.63200000001,117857.97200000002,118254.905,118206.60263157896,117432.49619047619,118328.63611111112,118351.52500000001,118580.51000000001,118430.4913,118301.00555555556,118224.89909090908,108324.53,110500,114723.16,117138.38,118062.32,2322.6100000000006,1211.0399999999936,1111.570000000007,2322.6100000000006,2725.217857142857,2726.4527618251873,1.9672745715991355,0.084243530878227,0.016570413722802893,99864.126,110026.70800000001,110140.3211111111,110702.495,109701.94,109236.61166666668,0,3,0,2
173,2025/7/30,117950.75,118792,115796.23,117840.3,15586.73631,00:00.0,1832696878.2229853,1997369,7803.61434,917632890.2336526,118192.58599999998,118193.81049999999,118265.981,118308.74789473684,117862.39047619049,118352.14166666666,118217.32,118294.27285714285,118501.79125000001,118377.18777777777,118227.25545454546,110500,114723.16,114723.16,116950.75,117950.76,2995.770000000004,841.2400000000052,2154.529999999999,2995.770000000004,2721.5907142857145,2745.689707409103,2.539847984023167,0.029647496590923472,0.07271935774515614,99864.126,110026.70800000001,110140.3211111111,110702.495,109701.94,109236.61166666668,0,4,0,3
174,2025/7/31,117840.29,118922.45,115500,115764.08,17010.0073,00:00.0,2002870016.7022424,1859532,8313.51616,979519362.0685424,118237.78400000001,118285.32549999999,118323.499,118325.20263157896,118176.97666666668,118375.49166666667,118133.87166666666,118163.45999999999,118237.5263,118428.29222222221,118227.28272727273,114723.16,114723.16,114723.16,115796.23,117840.3,3422.449999999997,1082.1499999999942,2340.300000000003,3422.449999999997,2712.827142857143,2794.0297283084524,2.9043120222877885,0.09131295748468338,0.27540146644957453,99864.126,110026.70800000001,110140.3211111111,110702.495,109701.94,109236.61166666668,0,5,0,4
175,2025/8/1,115764.07,116052,112722.58,113297.93,24487.10206,00:00.0,2810268577.1513696,4160829,11487.2212,1318593418.0612547,117806.602,118197.14649999999,118161.871,118238.0489473684,118165.2661904762,118190.905,117825.5,117795.33,117863.5375,117962.69888888889,118090.82454545455,114723.16,114723.16,114723.16,115500,115764.08,3329.4199999999983,287.91999999999825,3041.5,3329.4199999999983,2664.3607142857136,2832.271890572134,2.8760389232998684,0.4395703439821568,0.34001421223829503,99864.126,110026.70800000001,110140.3211111111,110702.495,109701.94,109236.61166666668,0,6,0,5
176,2025/8/2,113297.92,114063.49,112003,112546.35,11507.33428,00:00.0,1301882737.326722,2165714,5060.00835,572586383.0717313,116583.07800000001,117991.04299999999,117496.222,117933.38,117963.85047619048,117827.39111111111,117055.15666666666,117178.7042857143,117233.155,117356.24777777778,117719.69454545453,112722.58,112722.58,112722.58,112722.58,113297.93,2060.4900000000052,765.5600000000122,1294.929999999993,2060.4900000000052,2724.212857142857,2777.144612674125,1.81864752515779,-0.530065491,0.3708406393673493,99864.126,110026.70800000001,110140.3211111111,110702.495,109701.94,109236.61166666668,0,7,0,6
177,2025/8/3,112546.35,114799.97,111920,114208.8,7397.76046,00:00.0,841090034.1542541,1419281,3738.18331,425246221.2955304,115479.884,117664.02850000001,116875.258,117549.44157894737,117731.7719047619,117537.84999999999,115910.29,116411.04142857142,116599.66,116712.39888888887,117046.23363636364,112003,112003,112003,112003,112546.35,2879.970000000001,2253.6199999999953,626.3500000000058,2879.970000000001,2759.2264285714286,2784.489283197402,2.5589190586811577,-0.357126483,0.19894937606985946,99864.126,110026.70800000001,110140.3211111111,110702.495,109701.94,109236.61166666668,0,8,0,7
178,2025/8/4,114208.81,115720,114107.6,115055.03,9667.67916,00:00.0,1109938874.0629709,1954230,4715.29351,541443274.8093747,114731.492,117382.4095,116462.03899999999,117362.63684210526,117499.49380952382,117292.20388888888,115268.03666666667,115667.22,116135.76125000001,116334.0088888889,116632.85272727272,111920,111920,111920,111920,114208.8,1612.3999999999942,1511.199999999997,101.19999999999709,1612.3999999999942,2648.56,2700.768620111873,1.411800141495221,0.3068386320797414,0.14449065417938517,101445.8395,110547.169,111092.08444444445,111761.84499999999,110406.8981818182,110077.51166666667,0,9,0,8
179,2025/8/5,115055.03,115127.81,112650,114129.75,12042.79078,00:00.0,1371861747.1466167,2581052,5622.66754,640570774.1010684,114174.43800000001,117247.25650000002,116206.111,117174.45789473686,117271.58190476192,117063.17444444445,114785.415,115237.60714285714,115590.69625000001,116015.68,116334.12909090909,111920,111920,111920,111920,115055.03,2477.8099999999977,72.77999999999884,2405.029999999999,2477.8099999999977,2531.274999999999,2684.8430043895964,2.1535868531779947,0.2456754698508219,0.40324455450520424,101445.8395,110547.169,111092.08444444445,111761.84499999999,110406.8981818182,110077.51166666667,0,10,0,9
180,2025/8/6,114129.75,115716,113355.13,114992.27,9761.15318,00:00.0,1118028732.8589184,2026500,4872.24748,558193207.677072,113847.572,117022.2225,115827.08700000001,116908.78368421053,117098.8038095238,116852.3361111111,114166.99,114691.74857142857,115099.125,115428.36888888889,116017.35090909089,111920,111920,111920,111920,114129.75,2360.8699999999953,1586.25,774.6199999999953,2360.8699999999953,2500.694285714285,2661.702075504625,2.0685842210291314,-0.189460868,0.26676778702332843,101445.8395,110547.169,111092.08444444445,111761.84499999999,110406.8981818182,110077.51166666667,0,11,0,10
181,2025/8/7,114992.27,117621,114259,117472.01,13468.56263,00:00.0,1564454297.836927,2314671,7008.73753,814088870.444632,114186.43999999999,116812.95800000001,115384.759,116754.43789473685,116925.5580952381,116694.12888888888,114038.355,114284.88714285714,114729.3138,115087.25222222222,115751.19454545453,111920,111920,111920,112650,114992.27,3362,2628.729999999996,733.2700000000041,3362,2573.201428571428,2711.7233558257235,2.923674782661478,0.37981264934928527,0.05372916169445973,101445.8395,110547.169,111092.08444444445,111761.84499999999,110406.8981818182,110077.51166666667,0,12,0,11
182,2025/8/8,117472.02,117630,115878.71,116674.74,10045.31278,00:00.0,1172199778.7242548,2095304,4584.90574,534970598.46875024,115171.572,116790.3165,115325.728,116735.07,116844.34142857142,116705.62277777778,114734.03500000002,114528.87714285713,114683.2775,115034.05777777778,115574.50909090908,111920,111920,111920,112650,117472.01,1751.2899999999936,157.99000000000524,1593.2999999999884,1751.2899999999936,2431.9785714285704,2643.120973266743,1.490814705562622,-0.254165938,0.05784129825722071,101445.8395,110547.169,111092.08444444445,111761.84499999999,110406.8981818182,110077.51166666667,0,13,0,12
183,2025/8/9,116674.74,117944.05,116299.13,116462.25,9514.13144,00:00.0,1111837601.7023723,1390951,4869.85416,569228301.1169946,115664.76000000001,116732.05350000001,115198.126,116703.99736842106,116784.81285714285,116666.42166666666,115422.10000000002,115011.27857142857,114797.10999999999,114904.55111111111,115448.36545454546,111920,111920,111920,113355.13,116674.74,1644.9199999999983,1269.3099999999977,375.6100000000006,1644.9199999999983,2466.6892857142843,2571.82090374769,1.4098338680677567,-0.052878527,0.09025840302048728,101445.8395,110547.169,111092.08444444445,111761.84499999999,110406.8981818182,110077.51166666667,0,14,0,13
184,2025/8/10,116462.25,119311.11,116460.63,119294.01,14322.77073,00:00.0,1694198747.8718708,2317065,8023.43513,949082473.721322,115946.204,116691.91,115060.321,116655.6757894737,116719.20571428571,116472.41222222222,115797.675,115570.69285714287,115192.65,114982.12555555555,115313.04636363637,111920,111920,111920,114259,116462.25,2850.479999999996,2848.8600000000006,1.6199999999953434,2850.479999999996,2531.6414285714272,2591.725124908569,2.447557041015433,0.5054207333927689,0.006950329788970444,101445.8395,110547.169,111092.08444444445,111761.84499999999,110406.8981818182,110077.51166666667,0,15,0,14
185,2025/8/11,119294.27,122335.16,118050.11,118686,26494.33429,00:00.0,3194611530.541069,4021743,13243.42946,1596640461.643077,116979.05600000001,116787.5925,115413.31399999998,116620.91736842105,116815.81952380952,116502.30222222222,116504.17166666668,116297.15142857142,116036.1075,115648.35666666666,115445.20181818181,111920,111920,111920,115878.71,119294.01,4285.050000000003,3041.1500000000087,1243.8999999999942,4285.050000000003,2668.2521428571417,2712.676901700814,3.59200767917853,0.8498050963355746,0.037253042100789016,103106.415,111912.277,112598.75222222222,113474.345,111342.33636363636,111147.49083333334,0,16,0,15
186,2025/8/12,118686,120324.43,118207.47,120134.08,16720.10893,00:00.0,1992762473.5852573,2737841,9265.05962,1104367998.1961715,117717.802,116724.17150000001,115952.121,116617.23368421053,116877.99285714285,116521.46944444446,117263.54666666668,116815.86142857141,116595.75749999999,116330.54,115710.8309090909,111920,111920,111920,116299.13,118686,2116.959999999992,1638.429999999993,478.52999999999884,2116.959999999992,2653.5628571428556,2670.1256944364695,1.783664459161141,-0.368917568,0.12077060598812737,103106.415,111912.277,112598.75222222222,113474.345,111342.33636363636,111147.49083333334,0,17,0,16
187,2025/8/13,120134.09,123667.79,118920.92,123306.43,23210.07102,00:00.0,2811581348.3874574,3712817,11931.26825,1446045988.0483146,118250.21599999999,116793.076,116710.894,116711.60684210528,116886.54809523809,116661.45666666668,118120.515,117673.62285714285,117230.6388,116988.90444444443,116332.29909090909,111920,111920,111920,116460.63,120134.08,4746.869999999995,3533.709999999992,1213.1600000000035,4746.869999999995,2778.6414285714263,2818.464573405293,3.9513100695489536,0.38815309859347913,0.2585665272634281,103106.415,111912.277,112598.75222222222,113474.345,111342.33636363636,111147.49083333334,0,18,0,17
188,2025/8/14,123306.44,124474,117180,118295.09,27980.94759,00:00.0,3359128391.108524,4350449,13402.07848,1608719584.8697336,119576.554,117041.348,117620.657,117011.19210526318,117103.23571428572,116960.70333333334,119092.91833333333,118861.36,118377.72374999999,117905.72666666667,117310.48818181817,111920,111920,111920,118050.11,123306.43,7294,1167.570000000007,6126.429999999993,7294,3055.180714285712,3138.1456753049147,5.915344398503793,0.20555200205501123,0.10512912638493672,103106.415,111912.277,112598.75222222222,113474.345,111342.33636363636,111147.49083333334,0,19,0,18
189,2025/8/15,118295.09,119216.82,116803.99,117342.05,13623.33874,00:00.0,1607609329.6851013,2895016,6141.41708,724799635.8172467,119943.122,117075.38700000002,117944.66299999999,117030.93421052632,117101.04999999999,116898.45555555557,119362.97666666667,118978.94285714287,118790.57625000001,118368.54222222224,117681.9690909091,111920,111920,111920,117180,118295.09,2412.8300000000017,921.7300000000105,1491.0999999999913,2412.8300000000017,2989.709999999998,3086.3374127831353,2.0396704546232662,-0.513120894,0.17924363557704312,103106.415,111912.277,112598.75222222222,113474.345,111342.33636363636,111147.49083333334,0,20,0,19
190,2025/8/16,117342.04,117898.99,117143.98,117380.66,6393.68117,00:00.0,751719391.7723638,1179842,2995.22865,352158781.0964551,119552.73000000001,117046.48999999999,118265.893,116921.80263157895,117088.08523809524,116858.44055555554,119509.60999999999,119074.27285714286,118774.3313,118629.62888888888,117889.88000000002,111920,111920,111920,116803.99,117342.05,755.0100000000093,556.9400000000023,198.07000000000698,755.0100000000093,2896.461428571427,2919.814026155769,0.6434266317999466,-0.530681774,0.22125829036058556,103106.415,111912.277,112598.75222222222,113474.345,111342.33636363636,111147.49083333334,0,21,0,20
191,2025/8/17,117380.66,118575,117172.21,117405.01,5898.64192,00:00.0,695629197.9038073,1177563,2804.73113,330799448.0903654,119291.66199999998,116944.7455,118504.73199999999,116885.92578947368,117062.40285714285,116826.76833333334,119190.71833333332,119205.47428571428,118862.5713,118619.4788888889,118185.41727272728,111920,111920,111920,116803.99,117380.66,1402.7899999999936,1194.3399999999965,208.4499999999971,1402.7899999999936,2790.9485714285693,2811.4551671446425,1.1950776218160586,-0.077426327,0.1581415531190787,103106.415,111912.277,112598.75222222222,113474.345,111342.33636363636,111147.49083333334,0,22,0,21
192,2025/8/18,117405.01,117543.75,114640.14,116227.05,17745.93954,00:00.0,2053814085.4717767,3346280,7647.70667,885108979.4887484,118745.848,116911.87999999998,118498.03199999998,116857.20210526315,116966.66285714286,116802.58555555556,118977.21999999999,118935.61714285715,118980.41625000001,118700.62000000001,118404.75727272728,111920,111920,111920,116803.99,117405.01,2903.6100000000006,138.74000000000524,2764.8699999999953,2903.6100000000006,2883.1778571428554,2818.0376552057396,2.473156809918078,2.0084788635550876,0.057052592635835266,104857.166,113079.378,113911.08555555556,115529.48749999999,112411.61636363636,111847.55916666666,0,23,0,22
193,2025/8/19,116227.05,116725.69,112732.58,112872.94,18065.47424,00:00.0,2065010895.8584664,3291182,8609.4137,984093545.594422,117329.972,116825.69450000001,118453.26299999999,116772.2942105263,116879.26904761905,116828.3061111111,118326.04833333334,118584.33857142857,118597.0463,118674.48666666668,118291.5790909091,111920,111920,111920,114640.14,116227.05,3993.1100000000006,498.6399999999994,3494.470000000001,3993.1100000000006,2991.41357142857,2901.9713941196155,3.4356115895568204,0.018006073968625635,0.05471139836395821,104857.166,113079.378,113911.08555555556,115529.48749999999,112411.61636363636,111847.55916666666,0,24,0,23
194,2025/8/20,112872.95,114615.38,112380,114271.24,15636.34194,00:00.0,1776149566.1247735,2998370,7209.58575,819330970.2158619,116245.54199999999,116577.32650000001,118094.33199999998,116620.12894736843,116637.46809523807,116804.69555555556,116587.13333333335,117547.03285714285,117870.4138,117961.03444444445,117945.96090909092,111920,111920,111920,112732.58,112872.94,2235.3800000000047,1742.4400000000023,492.9400000000023,2235.3800000000047,2982.4499999999994,2854.357723111072,1.9804392443397014,-0.134462692,0.030672456046824968,104857.166,113079.378,113911.08555555556,115529.48749999999,112411.61636363636,111847.55916666666,0,25,0,24
195,2025/8/21,114271.23,114821.76,112015.67,112500,10839.69235,00:00.0,1227373788.615563,2357380,5346.48007,605400341.4544928,115631.38,116502.6845,117592.05499999998,116671.35578947367,116467.51285714286,116900.52277777779,115916.49166666665,116256.29142857144,117137.5588,117470.50555555556,117746.77818181818,111920,111920,111920,112380,114271.24,2806.0899999999965,550.5199999999895,2255.570000000007,2806.0899999999965,2942.742142857142,2850.9100286031385,2.4556397567751924,-0.306762899,0.21808103983908977,104857.166,113079.378,113911.08555555556,115529.48749999999,112411.61636363636,111847.55916666666,0,26,0,25
196,2025/8/22,112500,117429.05,111684.79,116935.99,23128.09037,00:00.0,2656625122.2777863,3438518,11843.59711,1359907711.8726692,114655.24799999999,116462.78799999999,116973.45499999999,116668.91631578948,116312.08047619047,116805.58944444444,115109.48333333334,115428.42142857143,115786.755,116622.27444444444,117129.14090909091,111920,111920,112015.67,112015.67,112500,5744.260000000009,4929.050000000003,815.2100000000064,5744.260000000009,3227.9542857142856,3057.577883702915,5.106008888888898,1.1336482275716988,0.009881748099201835,104857.166,113079.378,113911.08555555556,115529.48749999999,112411.61636363636,111847.55916666666,0,27,0,26
197,2025/8/23,116936,117030,114560,115438.05,11329.36197,00:00.0,1308825428.0143583,1559569,5083.35014,587273893.1314433,114561.44399999999,116682.26999999999,116653.64600000002,116812.45263157896,116485.32142857143,116910.08722222221,115035.37166666666,115370.41285714286,115616.8675,115914.44777777778,116970.04909090909,111684.79,111684.79,111684.79,111684.79,116935.99,2470,94.00999999999476,2375.9900000000052,2470,3286.8885714285716,3015.608034866993,2.1122667195959086,-0.510147107,0.036943947065031325,104857.166,113079.378,113911.08555555556,115529.48749999999,112411.61636363636,111847.55916666666,0,28,0,27
198,2025/8/24,115438.06,115666.68,110680,113493.59,21175.98462,00:00.0,2411284606.189177,2573906,9325.0671,1061855201.3343124,114403.644,116743.7325,115866.808,116832.61157894736,116623.02142857143,116982.77055555556,114707.545,115092.89714285715,115378.86750000001,115596.99888888889,116543.13727272727,111684.79,111684.79,111684.79,111684.79,115438.05,4986.679999999993,228.6299999999901,4758.050000000003,4986.679999999993,3439.4742857142855,3156.39888951935,4.31978883912193,0.8691241992332601,0.21614501236773592,104857.166,113079.378,113911.08555555556,115529.48749999999,112411.61636363636,111847.55916666666,0,29,0,28
199,2025/8/25,113493.59,113667.28,109274.1,110111.98,25182.79379,00:00.0,2805570653.6310234,4695718,11387.5817,1269662985.34418,114527.774,116665.6605,115386.65800000001,116799.12947368421,116588.9638095238,116899.51055555555,114251.96833333332,114534.12285714285,114892.9838,115169.39222222223,115651.0609090909,110680,110680,110680,110680,113493.59,4393.179999999993,173.69000000000233,4219.489999999991,4393.179999999993,3447.1978571428563,3244.7403974108247,3.8708617817094284,0.18921477522304708,0.2895710751119109,106610.34550000001,113869.33599999998,115303.27666666667,116171.56999999999,113117.03363636363,112501.78083333332,0,30,0,29
200,2025/8/26,110111.98,112371,108666.66,111763.22,18452.43877,00:00.0,2033437347.4999392,4077474,9863.43157,1087468493.596964,113695.92199999999,116464.772,114663.651,116542.27210526315,116353.58047619047,116490.62000000001,113791.80833333333,113660.54142857144,113981.355,114361.7611111111,114907.14181818183,109274.1,109274.1,109274.1,109274.1,110111.98,3704.3399999999965,2259.020000000004,1445.3199999999924,3704.3399999999965,3560.5821428571426,3277.5689404529085,3.3641571062476547,-0.267260062,0.2807831872090467,106610.34550000001,113869.33599999998,115303.27666666667,116171.56999999999,113117.03363636363,112501.78083333332,0,31,0,30
201,2025/8/27,111763.22,112625,110345.42,111262.01,13392.60875,00:00.0,1493774927.190832,3111496,6261.8455,698586344.1774796,113548.56599999999,116303.31949999998,114101.907,116241.8094736842,116240.88857142857,116217.75777777778,113373.80500000001,113502.01,113423.3763,113734.89555555556,114399.97545454545,108666.66,108666.66,108666.66,108666.66,111763.22,2279.5800000000017,861.7799999999988,1417.800000000003,2279.5800000000017,3384.347142857143,3206.2840161348436,2.0396513271539614,-0.274209284,0.44376561268009596,106610.34550000001,113869.33599999998,115303.27666666667,116171.56999999999,113117.03363636363,112501.78083333332,0,32,0,31
202,2025/8/28,111262.01,113485.9,110862.42,112566.9,11104.27744,00:00.0,1250788481.9453218,2066780,5139.46509,578866003.6838148,112413.76999999999,115992.81950000001,113487.607,115956.92894736842,116063.25714285714,115928.85555555556,113167.47333333334,113072.12,113222.01,113183.22444444445,113843.73454545456,108666.66,108666.66,108666.66,108666.66,111262.01,2623.479999999996,2223.8899999999994,399.5899999999965,2623.479999999996,3050.738571428571,3164.6551578394974,2.3579297192276107,-0.17086524,0.24442936724838563,106610.34550000001,113869.33599999998,115303.27666666667,116171.56999999999,113117.03363636363,112501.78083333332,0,33,0,32
203,2025/8/29,112566.9,112638.64,107463.9,108377.4,22580.31045,00:00.0,2475492492.5775294,3606959,10616.35644,1164321513.1044571,111839.54,115787.42750000002,113121.59199999999,115751.91052631578,115829.68047619048,115555.12722222222,112439.29166666667,113081.67714285714,113008.9675,113149.22,113403.90636363636,108666.66,108666.66,108666.66,108666.66,112566.9,5174.740000000005,71.74000000000524,5103,5174.740000000005,3248.0178571428573,3308.232646565248,4.597035185298703,1.033478591651615,0.3361145886174237,106610.34550000001,113869.33599999998,115303.27666666667,116171.56999999999,113117.03363636363,112501.78083333332,0,34,0,33
204,2025/8/30,108377.4,108926.15,107350.1,108816.33,10708.39159,00:00.0,1160666772.7387524,1411040,5797.17783,628457794.843401,110816.302,115383.18499999998,112672.03799999999,115177.35210526315,115434.56904761905,114982.42722222224,111262.51666666666,111859.02142857143,112493.6425,112494.34888888888,112690.3018181818,107463.9,107463.9,107463.9,107463.9,108377.4,1576.0499999999884,548.75,1027.2999999999884,1576.0499999999884,3306.66357142857,3184.50531466773,1.4542238510980965,-0.5257642,0.3163569524369824,106610.34550000001,113869.33599999998,115303.27666666667,116171.56999999999,113117.03363636363,112501.78083333332,1,1,0,34
205,2025/8/31,108816.33,109480.02,108076.93,108246.35,9489.51596,00:00.0,1031806894.3513318,1366633,4573.61058,497406888.1691883,110557.17199999999,114859.301,112126.54699999999,114657.89578947368,115070.47761904761,114353.66333333333,110482.97333333333,110913.06142857143,111478.685,112085.05222222222,112321.51909090909,107350.1,107350.1,107350.1,107350.1,108816.33,1403.090000000011,663.6900000000023,739.4000000000087,1403.090000000011,3306.685,3057.261363620036,1.2894112492123295,-0.113824342,0.3316269187205679,106610.34550000001,113869.33599999998,115303.27666666667,116171.56999999999,113117.03363636363,112501.78083333332,1,2,1,1
206,2025/9/1,108246.36,109912.4,107255,109237.42,16053.60219,00:00.0,1742516638.781135,2729384,7532.99101,817730948.9844334,109853.798,114337.31850000001,111701.182,114032.22578947368,114544.39857142858,113516.99222222222,110172.03500000002,110163.45571428571,110579.72249999999,111119.53666666667,111773.80181818182,107350.1,107350.1,107350.1,107350.1,108246.35,2657.399999999994,1666.0499999999884,991.3500000000058,2657.399999999994,3289.0985714285707,3028.6998376471756,2.4549557560139386,0.6917198156016378,0.2548126226053527,107834.66299999999,114597.58399999999,115290.98999999999,116051.88375000001,113358.15545454546,112711.14333333333,1,3,1,2
207,2025/9/2,109237.43,111771.52,108393.39,111240.01,18510.28756,00:00.0,2042681451.9016385,2596328,9088.71727,1003032805.5367996,109448.87999999998,113792.4855,110931.325,113291.75157894738,114094.46619047619,113013.78833333333,109751.06833333331,110038.51857142858,110047.7013,110430.57777777778,111477.20363636363,107255,107255,107255,107255,109237.42,3378.1300000000047,2534.100000000006,844.0299999999988,3378.1300000000047,3245.1714285714284,3053.659134958092,3.0924659333770466,0.1530301636308331,0.06261486754640734,107834.66299999999,114597.58399999999,115290.98999999999,116051.88375000001,113358.15545454546,112711.14333333333,1,4,1,3
208,2025/9/3,111240.01,112575.27,110528.71,111705.71,11773.72084,00:00.0,1313762617.3436644,2214249,5539.29462,618293676.5075179,109183.50200000001,113189.1645,110511.521,112920.43157894735,113670.93904761906,112674.78611111111,109747.40166666666,109963.77428571429,110188.705,110180.18,110959.38727272727,107255,107255,107255,107255,111240.01,2046.5599999999977,1335.2600000000093,711.2999999999884,2046.5599999999977,3231.6842857142847,2981.7234824610855,1.8397697015669072,-0.363936362,0.10202395178620256,107834.66299999999,114597.58399999999,115290.98999999999,116051.88375000001,113358.15545454546,112711.14333333333,0,1,1,4
209,2025/9/4,111705.72,112180,109329.12,110730.87,12203.13536,00:00.0,1349031325.5320847,2230255,6070.78151,670681185.82571,109849.16399999999,112859.69549999999,110332.73300000001,112623.78210526315,113118.52380952382,112359.5111111111,109603.87,110027.16,110181.5163,110357.2611111111,110620.08363636363,107255,107255,107255,107255,111705.71,2850.8800000000047,474.2899999999936,2376.590000000011,2850.8800000000047,3234.883571428571,2972.377519428151,2.552134532782617,0.03647228652993961,0.07265435863315017,107834.66299999999,114597.58399999999,115290.98999999999,116051.88375000001,113358.15545454546,112711.14333333333,0,2,0,1
210,2025/9/5,110730.87,113384.62,110206.96,110659.99,21587.40888,00:00.0,2413132200.623325,2970419,10787.81127,1206066261.227201,110232.072,112529.1365,110394.622,112273.79315789473,112758.32285714286,111988.72555555556,109996.11499999999,109764.87,110115.1238,110242.55555555556,110368.92727272729,107255,107255,107255,108393.39,110730.87,3177.659999999989,2653.75,523.9099999999889,3177.659999999989,3051.554999999998,2987.040553754711,2.869714651388532,0.7690051157475646,0.31403804083479536,107834.66299999999,114597.58399999999,115290.98999999999,116051.88375000001,113358.15545454546,112711.14333333333,0,3,0,2
211,2025/9/6,110660,111307.7,109977,110187.97,5000.29897,00:00.0,552785936.5434699,795201,2308.83297,255237426.946011,110714.8,112193.103,110284.299,111918.79210526314,112440.1295238095,111679.44444444444,110303.39166666668,110090.95428571428,109876.76,110175.66444444444,110418.74636363635,107255,107255,107255,109329.12,110659.99,1330.699999999997,647.7099999999919,682.9900000000052,1330.699999999997,2970.1764285714266,2868.7305142008026,1.2025123081973863,-0.768369655,0.27691872743791446,107834.66299999999,114597.58399999999,115290.98999999999,116051.88375000001,113358.15545454546,112711.14333333333,0,4,0,3
212,2025/9/7,110187.98,111600,110180,111137.34,5681.29944,00:00.0,630447950.1588689,874961,2570.85199,285303923.5404623,110904.91,111832.251,110176.89499999999,111600.94578947367,112097.6204761905,111530.27944444444,110626.995,110286.90285714286,110103.0813,109911.33888888889,110275.54181818181,107255,107255,107255,109329.12,110187.97,1420,1412.0299999999988,7.970000000001164,1420,2715.41357142857,2765.24976318646,1.2887069250844716,0.1361919505385094,0.13116634926954251,107834.66299999999,114597.58399999999,115290.98999999999,116051.88375000001,113358.15545454546,112711.14333333333,0,5,0,4
213,2025/9/8,111137.35,112924.37,110621.78,112065.23,11582.40211,00:00.0,1295903862.4649603,1744598,5531.65969,618773275.3576307,110884.376,111577.76550000001,110033.93899999998,111509.59842105264,111799.15999999999,111356.1738888889,110943.64833333333,110699.90142857144,110393.2075,110217.99888888889,110264.20818181816,107255,107255,107255,109977,111137.34,2302.5899999999965,1787.0299999999988,515.5599999999977,2302.5899999999965,2566.085714285713,2732.20263724457,2.0718419209961265,1.0386889007209241,0.1259339875731854,109132.568,114875.625,115505.82333333333,115058.2213,114283.01636363636,113173.08749999998,0,6,0,5
214,2025/9/9,112065.23,113293.29,110766.66,111546.39,15379.28248,00:00.0,1721465997.906366,2143242,7597.38038,849973176.1775683,110956.28,111537.38,110402.722,111393.49263157893,111600.9780952381,111332.02,111081.185,111103.87428571428,110870.5675,110578.98777777777,110218.60181818182,107255,107255,107255,109977,112065.23,2526.62999999999,1228.0599999999977,1298.5699999999924,2526.62999999999,2481.9635714285696,2717.5188774413855,2.2546065358541543,0.32781458750442205,0.015080982993804356,109132.568,114875.625,115505.82333333333,115058.2213,114283.01636363636,113173.08749999998,0,7,0,6
215,2025/9/10,111546.38,114313.13,110917.45,113960,17517.41823,00:00.0,1978834750.2223115,2182534,8274.63998,934646697.4823323,111119.384,111401.1375,110675.728,111343.30263157895,111537.80904761906,111032.59777777777,111054.63166666665,111147.64285714286,111159.1888,110945.6588888889,110506.69181818183,107255,107255,107255,110180,111546.39,3395.6800000000076,2766.7400000000052,628.9400000000023,3395.6800000000076,2561.6849999999986,2765.958957624144,3.0441863694558,0.13902701590796185,0.16562134939532935,109132.568,114875.625,115505.82333333333,115058.2213,114283.01636363636,113173.08749999998,0,8,0,7
216,2025/9/11,113960,115488.09,113430,115482.69,13676.73119,00:00.0,1562241144.956541,2166359,6744.29993,770595422.6905212,111779.38599999998,111474.1375,111247.093,111186.67157894735,111522.98809523809,110950.48388888889,111592.81999999999,111469.68428571429,111499.1875,111470.39,110974.29818181819,107255,107255,107255,110621.78,113960,2058.0899999999965,1528.0899999999965,530,2058.0899999999965,2521.299999999999,2715.3968892224193,1.8059757809757777,-0.219249606,0.17662987016516574,109132.568,114875.625,115505.82333333333,115058.2213,114283.01636363636,113173.08749999998,0,9,0,8
217,2025/9/12,115482.69,116665.63,114740.99,116029.42,15324.10719,00:00.0,1772122269.5018637,2481491,7995.57276,924775389.8569396,112838.33,111401.47249999999,111871.62,111189.02105263158,111665.02095238095,111060.98944444444,112396.60333333333,112148.5157142857,111971.31,111941.79888888888,111632.14727272726,107255,107255,107255,110766.66,115482.69,1924.6399999999994,1182.9400000000023,741.6999999999971,1924.6399999999994,2289.1499999999983,2658.9142542779605,1.6666047526256962,0.12045100376064344,0.5947871535011711,109132.568,114875.625,115505.82333333333,115058.2213,114283.01636363636,113173.08749999998,0,10,0,9
218,2025/9/13,116029.41,116298.78,115127.27,115918.29,8269.40394,00:00.0,957724220.6497612,1223635,3590.09359,415773029.4393527,113816.746,111431.04100000001,112350.56099999999,111322.48578947368,111621.85095238096,111389.73611111111,113370.17833333333,112915.57714285715,112633.6288,112422.21111111112,112249.60181818182,107255,107255,107255,110917.45,116029.42,1171.5099999999948,269.3600000000006,902.1499999999942,1171.5099999999948,2260.2542857142844,2552.671093258106,1.0096663415192413,-0.460366347,0.5664646567768226,109132.568,114875.625,115505.82333333333,115058.2213,114283.01636363636,113173.08749999998,0,11,0,10
219,2025/9/14,115918.29,116165.19,115135,115268.01,6707.60197,00:00.0,775762364.9685991,1237218,3406.90777,393977059.3035421,114587.35800000001,111552.276,112771.81899999999,111628.08105263158,111644.71952380952,111620.57333333333,114167.00333333334,113734.19428571429,113290.91625000001,112998.5911111111,112674.9,107255,107255,107255,113430,115918.29,1030.1900000000023,246.90000000000873,783.2899999999936,1030.1900000000023,2233.61857142857,2443.9224437396697,0.8887208394809847,-0.18886512,0.5564955094609153,109132.568,114875.625,115505.82333333333,115058.2213,114283.01636363636,113173.08749999998,1,1,0,11
220,2025/9/15,115268.01,116757.99,114384,115349.71,13212.51149,00:00.0,1522648235.2235153,2857989,6621.3636,763138585.685025,115331.68199999999,111810.07749999998,113225.53300000001,111812.54368421053,111729.21571428573,111843.12888888888,114700.8,114324.29000000001,113925.92124999998,113510.59333333332,112998.74545454545,107255,107255,107255,114740.99,115268.01,2373.9900000000052,1489.9800000000105,884.0099999999948,2373.9900000000052,2213.374999999999,2438.9272691868364,2.0595393292553634,0.969781681902631,0.5220489448906438,110208.50349999999,115482.04199999999,115081.53111111111,114808.5825,114911.29636363637,114365.09916666667,1,2,1,1
221,2025/9/16,115349.71,116964.27,114737.11,116788.96,10926.9094,00:00.0,1265779287.5169268,2047058,5292.18365,613182568.9919184,115609.624,111989.402,113694.505,112027.68578947367,111978.63142857145,111997.72944444446,115334.68666666666,114793.50142857143,114452.4675,114084.12000000001,113418.63999999998,107255,107255,107255,114384,115349.71,2227.1600000000035,1614.5599999999977,612.6000000000058,2227.1600000000035,2131.162857142856,2423.8010356734912,1.9307894228776157,-0.172987709,0.4978900719874437,110208.50349999999,115482.04199999999,115081.53111111111,114808.5825,114911.29636363637,114365.09916666667,1,3,1,2
222,2025/9/17,116788.96,117286.73,114720.81,116447.59,16754.2454,00:00.0,1946083704.6217456,3227418,7975.0019,926282110.833079,115870.878,112265.74949999999,114354.604,112249.8994736842,112217.95238095238,112465.03833333333,115806.18000000001,115542.43999999999,115042.9338,114712.07777777777,113975.81909090909,107255,107255,107255,114384,116788.96,2565.9199999999983,497.7699999999895,2068.1500000000087,2565.9199999999983,2168.259999999999,2433.9523902682417,2.197056982098306,0.533301392615189,0.430274213744776,110208.50349999999,115482.04199999999,115081.53111111111,114808.5825,114911.29636363637,114365.09916666667,1,4,1,3
223,2025/9/18,116447.6,117900,116092.76,117073.53,11657.23365,00:00.0,1367513347.486509,2252654,5717.34538,670700552.9347277,115954.51200000002,112459.78399999999,114885.629,112674.64631578949,112464.88476190476,112888.99722222223,115966.99666666666,115897.80999999998,115655.58374999999,115199.00666666665,114544.87545454544,107255,107255,107255,114384,116447.59,1807.2400000000052,1452.4100000000035,354.83000000000175,1807.2400000000052,2093.714285714285,2389.1872195347964,1.551977159853635,-0.304222102,0.5943439189626819,110208.50349999999,115482.04199999999,115081.53111111111,114808.5825,114911.29636363637,114365.09916666667,1,5,1,4
224,2025/9/19,117073.53,117459.99,115100,115632.38,8992.09065,00:00.0,1045792401.4532388,1732471,4020.81483,467345983.0786799,116185.56000000001,112894.5905,115386.459,113109.23578947368,112679.4861904762,113379.3961111111,116141.01500000001,116125.07285714286,116044.775,115813.13333333333,115084.5290909091,107255,107255,107255,114720.81,117073.53,2359.9900000000052,386.4600000000064,1973.5299999999988,2359.9900000000052,2035.3092857142858,2387.1017038537398,2.015818605623325,-0.228625683,0.4129216398974473,110208.50349999999,115482.04199999999,115081.53111111111,114808.5825,114911.29636363637,114365.09916666667,1,6,1,5
225,2025/9/20,115632.39,116121.81,115408.47,115685.63,4674.92752,00:00.0,541264273.2416894,740451,2276.16483,263511469.8432588,116258.43400000001,113235.393,115795.058,113497.9742105263,113024.96142857142,113734.67166666668,116093.36333333333,116068.35285714285,116063.4863,115998.95333333332,115408.81545454545,107255,107255,108393.39,114720.81,115632.38,713.3399999999965,489.429999999993,223.9100000000035,713.3399999999965,1991.212142857143,2267.5472964356154,0.616903327597336,-0.480106718,0.4729902264432573,110208.50349999999,115482.04199999999,115081.53111111111,114808.5825,114911.29636363637,114365.09916666667,1,7,1,6
226,2025/9/21,115685.63,115819.06,115188,115232.29,4511.52219,00:00.0,521299751.1504096,945965,2016.72489,233031538.74699312,116325.61799999999,113607.35699999999,115967.621,113837.35368421054,113352.07095238096,113981.65055555555,116162.96666666667,116035.11571428571,116020.5125,116021.50222222222,115785.11,107255,108393.39,109329.12,115100,115685.63,631.0599999999977,133.42999999999302,497.63000000000466,631.0599999999977,1934.8592857142855,2150.655346690214,0.5454955814304661,-0.034953554,0.3680136099292369,110208.50349999999,115482.04199999999,115081.53111111111,114808.5825,114911.29636363637,114365.09916666667,1,8,1,7
227,2025/9/22,115232.29,115379.25,111800,112650.99,20781.71356,00:00.0,2348872511.6988754,3045876,9312.35777,1052684266.8981876,116014.28400000001,113907.10049999999,115942.581,114047.47368421052,113684.73476190477,114177.57166666667,116143.39666666667,116030.01285714286,115934.7625,115932.93222222223,115900.77272727272,108393.39,109329.12,109329.12,115100,115232.29,3579.25,146.9600000000064,3432.2899999999936,3579.25,2026.0492857142858,2252.6978219266275,3.106117217665292,3.60636403519496,0.04583203579176768,111256.237,115096.607,114855.66111111111,114285.67499999999,115459.33727272727,114938.04583333334,1,9,1,8
228,2025/9/23,112650.99,113290.5,111458.73,111998.8,12301.3203,00:00.0,1383869800.273703,2455729,5543.3609,623665658.7200328,115254.964,113977.64950000001,115604.73799999998,114097.2252631579,113847.28571428571,114284.245,115453.73499999999,115644.48142857142,115607.63500000001,115569.8988888889,115643.34545454546,109329.12,109329.12,109977,111800,112650.99,1831.770000000004,639.5099999999948,1192.2600000000093,1831.770000000004,1976.4164285714298,2222.6315489318686,1.6260576138745022,-0.408069971,0.03503271273730401,111256.237,115096.607,114855.66111111111,114285.67499999999,115459.33727272727,114938.04583333334,1,10,1,9
229,2025/9/24,111998.8,113940,111042.66,113307,12369.25967,00:00.0,1394470628.502582,2229837,6100.69487,687826281.220477,114240.018,113992.304,115212.78899999999,114163.95842105262,113883.41857142857,114358.62333333334,114712.27,114960.17285714287,115188.7713,115206.65333333334,115276.92545454545,109329.12,109977,109977,111458.73,111998.8,2897.3399999999965,1941.199999999997,956.1399999999994,2897.3399999999965,1940.8207142857148,2270.825009722449,2.5869384314831914,0.005522933176530742,0.05529905525835972,111256.237,115096.607,114855.66111111111,114285.67499999999,115459.33727272727,114938.04583333334,1,11,1,10
230,2025/9/25,113307.01,113510.23,108631.51,108994.49,21231.14957,00:00.0,2356639689.9252143,4409953,9511.07937,1055527535.7684448,113774.942,114121.1105,115016.688,114303.2747368421,113959.67047619048,114531.90277777778,114084.51500000001,114511.51714285716,114753.52625000001,114979.68555555555,115039.53545454546,109977,109977,110180,111042.66,113307,4878.720000000001,203.22999999999593,4675.490000000005,4878.720000000001,2142.2942857142866,2457.103223313703,4.305753395641929,0.716444648784708,0.4444477933789422,111256.237,115096.607,114855.66111111111,114285.67499999999,115459.33727272727,114938.04583333334,0,1,1,11
231,2025/9/26,108994.49,110300,108620.07,109643.46,14243.01591,00:00.0,1557098915.9392595,3257155,6978.29033,762955442.8,112436.71399999999,114037.8355,114381.166,114240.45999999999,113876.9857142857,114412.85555555555,112978.2,113357.36857142858,113821.88875000001,114113.63333333333,114469.21545454547,108631.51,108631.51,108631.51,108631.51,108994.49,1679.929999999993,1305.5099999999948,374.41999999999825,1679.929999999993,2124.815,2401.5908502198668,1.5412980968120433,-0.329145327,0.4344019079516346,111256.237,115096.607,114855.66111111111,114285.67499999999,115459.33727272727,114938.04583333334,0,2,0,1
232,2025/9/27,109643.46,109743.91,109064.4,109635.85,5501.78643,00:00.0,601947588.9970765,919594,2523.25886,276080500.9941954,111318.948,114010.61000000002,113666.61600000001,114161.83473684212,113828.57952380952,114278.31277777777,111971.17166666668,112501.80857142857,112893.13,113357.6188888889,113950.46545454547,108620.07,108620.07,108620.07,108620.07,109643.46,679.5100000000093,100.44999999999709,579.0600000000122,679.5100000000093,2089.672142857144,2278.5850752041624,0.6197451266131234,-0.613720404,0.4303907773206165,111256.237,115096.607,114855.66111111111,114285.67499999999,115459.33727272727,114938.04583333334,0,3,0,2
233,2025/9/28,109635.85,112350,109189.99,112163.95,7542.3316,00:00.0,832254944.3203354,1484866,3781.87606,417495757.16935,110715.92,113935.5355,112985.442,114033.97263157894,113802.28809523808,114172.17166666668,111038.43166666669,111637.55428571429,112143.5638,112531.21,113300.18272727272,108620.07,108620.07,108620.07,108620.07,109635.85,3160.0099999999948,2714.149999999994,445.8600000000006,3160.0099999999948,2241.8021428571437,2341.543998403865,2.8822780139890325,0.3708877463642295,0.18841169101068492,111256.237,115096.607,114855.66111111111,114285.67499999999,115459.33727272727,114938.04583333334,0,4,0,3
234,2025/9/29,112163.96,114400,111560.65,114311.96,15541.12005,00:00.0,1755247635.871136,2442653,7836.68768,884934987.568753,110748.95,113940.47149999999,112494.48400000001,114066.47578947368,113851.1742857143,114072.39111111111,110957.25833333335,111199.22,111703.35375000001,112145.82888888888,112910.76090909092,108620.07,108620.07,108620.07,108620.07,112163.95,2839.350000000006,2236.050000000003,603.3000000000029,2839.350000000006,2275.0421428571435,2377.1015699464465,2.5314283243412934,1.0605193293278168,0.05596997819446541,111658.5345,114586.48999999999,114049.92777777776,114030.0688,114830.0018181818,115184.72166666666,0,5,0,4
235,2025/9/30,114311.97,114792,112656.27,114048.93,15044.15633,00:00.0,1710713267.1300955,3018331,7185.72154,817044461.2701814,110949.94200000001,114078.75,112362.44200000001,114085,113958.16142857143,114007.35055555556,111342.78499999999,111436.50142857143,111588.3125,111993.19888888889,112659.70909090909,108620.07,108620.07,108620.07,109064.4,114311.96,2135.729999999996,480.0399999999936,1655.6900000000023,2135.729999999996,2268.511428571429,2359.8607435217,1.8683346869391406,-0.031977343,0.15779065555531815,111658.5345,114586.48999999999,114049.92777777776,114030.0688,114830.0018181818,115184.72166666666,0,6,0,5
236,2025/10/1,114048.94,118649.1,113966.67,118594.99,20036.39516,00:00.0,2332096981.265933,3430343,10071.04092,1172422657.4065175,111960.83,114083.1965,112198.772,114009.53894736843,114077.33,113897.32333333333,111466.44,111729.37714285715,111763.05500000001,111861.71444444444,112515.75909090908,108620.07,108620.07,108620.07,109189.99,114048.93,4682.430000000008,4600.170000000013,82.25999999999476,4682.430000000008,2419.6907142857153,2525.758547555865,4.105632556131836,0.33183906897090854,0.0995565066857341,111658.5345,114586.48999999999,114049.92777777776,114030.0688,114830.0018181818,115184.72166666666,0,7,0,6
237,2025/10/2,118594.99,121022.07,118279.31,120529.35,19670.83503,00:00.0,2349861127.34458,3472073,9753.07848,1164986423.9898076,113751.13600000001,114238.81150000003,112535.04199999999,114144.56894736842,114298.0438095238,114046.02888888889,113066.52333333333,112484.80428571429,112587.5788,112522.15888888888,112780.24636363635,108620.07,108620.07,108620.07,111560.65,118594.99,2742.7600000000093,2427.0800000000017,315.68000000000757,2742.7600000000093,2486.5135714285725,2541.258651301875,2.3127115234800466,-0.018244805,0.1510537597559976,111658.5345,114586.48999999999,114049.92777777776,114030.0688,114830.0018181818,115184.72166666666,0,8,0,7
238,2025/10/3,120529.35,123894.99,119248.3,122232,23936.328,00:00.0,2907381076.6813188,4246820,11288.62355,1372792607.6136217,115929.83599999998,114463.80799999999,113322.878,114387.25631578948,114538.36095238096,114338.32555555557,114880.83833333333,114132.64142857143,113490.3725,113469.99777777778,113261.79727272727,108620.07,108620.07,108620.07,112656.27,120529.35,4646.690000000002,3365.6399999999994,1281.050000000003,4646.690000000002,2649.849285714287,2691.6466047803124,3.85523526012544,0.21684351292127135,0.2852091524564032,111658.5345,114586.48999999999,114049.92777777776,114030.0688,114830.0018181818,115184.72166666666,0,9,0,8
239,2025/10/4,122232.21,122800,121510,122391,8208.16678,00:00.0,1002272903.3446472,1703590,3767.80335,460154433.12366194,117943.446,114779.49349999998,114346.198,114753.78210526318,114833.72190476191,114720.67499999999,116980.19666666666,115931.00428571428,115145.0613,114461.66444444445,114132.79818181819,108620.07,108620.07,108620.07,113966.67,122232,1290,568,722,1290,2691.039285714287,2591.5289901531473,1.055370115845278,-0.657083293,0.2884609510812325,111658.5345,114586.48999999999,114049.92777777776,114030.0688,114830.0018181818,115184.72166666666,0,10,0,9
240,2025/10/5,122390.99,125708.42,122136,123482.31,22043.09755,00:00.0,2730817470.939564,3690670,11780.6724,1459478400.9109964,119559.254,115135.643,115254.598,115124.37631578949,115141.9461904762,115031.89944444444,118684.705,117753.16857142858,116738.5038,115950.16555555555,115077.54363636364,108620.07,108620.07,108620.07,118279.31,122391,3572.4199999999983,3317.4199999999983,255,3572.4199999999983,2901.13642857143,2661.592633713637,2.918858412791789,1.6855079999970468,0.34543048908637203,111658.5345,114586.48999999999,114049.92777777776,114030.0688,114830.0018181818,115184.72166666666,0,11,0,10
241,2025/10/6,123482.32,126199.63,123084,124658.54,19494.62879,00:00.0,2428828952.2653184,4206167,9963.008153,1241625129.7177184,121445.93000000001,115542.273,116703.38,115476.65789473684,115533.10333333335,115422.71722222223,120213.09666666668,119370.07714285715,118469.3113,117487.81555555557,116002.57181818182,108620.07,108620.07,108620.07,119248.3,123482.31,3115.6300000000047,2717.320000000007,398.3099999999977,3115.6300000000047,2868.0207142857157,2694.0238741626636,2.52313873946803,-0.115613006,0.5341857432722523,112509.937,114993.166,115080.31777777777,114553.6063,115395.20090909091,115551.02750000001,1,1,0,11
242,2025/10/7,124658.54,125126,120574.94,121332.95,21633.99385,00:00.0,2657405799.8705487,4390785,9699.35099,1191947741.6989057,122658.64000000001,115935.75200000001,118204.888,115908.81315789475,115976.38095238095,115844.10666666667,121981.36499999999,120848.16,120031.135,119157.00333333334,117426.57636363637,108620.07,108620.07,108620.07,121510,124658.54,4551.059999999998,467.4600000000064,4083.5999999999913,4551.059999999998,3062.2557142857154,2826.669311722473,3.650820874366087,0.10974125641049337,0.3711151126187957,112509.937,114993.166,115080.31777777777,114553.6063,115395.20090909091,115551.02750000001,1,2,1,1
243,2025/10/8,121332.96,124197.25,121066.14,123306,17012.618,00:00.0,2084842842.4416168,4184997,9039.06222,1107976264.6948595,122819.36000000002,116180.02000000002,119374.598,116132.99315789474,116192.76142857142,116160.805,122437.69166666667,121888.73428571426,120908.75875000001,120175.78111111111,118489.25727272728,108620.07,108620.07,108620.07,120574.94,121332.95,3131.1100000000006,2864.300000000003,266.8099999999977,3131.1100000000006,3078.953571428573,2848.415075170868,2.5805933178085594,-0.213616398,0.3873107410458793,112509.937,114993.166,115080.31777777777,114553.6063,115395.20090909091,115551.02750000001,1,3,1,2
244,2025/10/9,123306.01,123762.94,119651.47,121662.4,21559.36007,00:00.0,2621438087.566733,4231167,10144.15364,1233882833.5642388,123034.16,116491.6435,120488.803,116536.86789473683,116519.35238095238,116584.15888888891,122900.46666666667,122561.7357142857,122065.89249999999,121175.1188888889,119731.99818181818,108620.07,108620.07,108620.07,120574.94,123306,4111.470000000001,456.9400000000023,3654.529999999999,4111.470000000001,3024.1500000000015,2938.6332840872346,3.3343632913240238,0.26725704826852636,0.5472673805498592,112509.937,114993.166,115080.31777777777,114553.6063,115395.20090909091,115551.02750000001,1,4,1,3
245,2025/10/10,121662.41,122550,102000,112774.5,64171.93927,00:00.0,7349750905.041157,11404522,30502.14297,3493298452.846008,122888.43999999999,116793.14450000001,121223.847,116851.43473684211,116737.87,116941.38722222223,122805.53333333333,122723.59999999999,122449.31874999999,122021.06,120595.49363636364,108620.07,108620.07,108620.07,119651.47,121662.4,20550,887.6000000000058,19662.399999999994,20550,4372.012142857145,4196.588049509575,16.891003300937676,1.9765233783212195,0.09975753906931306,112509.937,114993.166,115080.31777777777,114553.6063,115395.20090909091,115551.02750000001,1,5,1,4
246,2025/10/11,112774.49,113322.39,109561.59,110644.4,35448.51652,00:00.0,3961069473.231136,6661929,15375.94796,1718429599.5669522,120746.878,116647.58800000002,121096.40400000001,116722.07736842106,116601.78047619046,116948.24888888889,121202.78333333333,121372.52857142857,121479.9625,121374.33888888889,120455.72454545455,102000,102000,102000,102000,112774.5,3760.800000000003,547.8899999999994,3212.9100000000035,3760.800000000003,4592.1042857142875,4165.460331687463,3.3347964300440283,-0.447600978,0.030097893132550006,112509.937,114993.166,115080.31777777777,114553.6063,115395.20090909091,115551.02750000001,1,6,1,5
247,2025/10/12,110644.4,115770,109565.06,114958.8,32255.30272,00:00.0,3638546528.740156,6048575,16915.44533,1907676479.1772509,117944.05,116418.19350000001,120301.34500000002,116616.46736842107,116361.72190476191,116873.00444444445,119063.13166666665,119694.44285714286,120031.5125,120276.01111111109,120146.22181818182,102000,102000,102000,102000,110644.4,6204.940000000002,5125.600000000006,1079.3399999999965,6204.940000000002,4809.599285714287,4311.137450852644,5.608001850974837,-0.090080322,0.079184786411989,112509.937,114993.166,115080.31777777777,114553.6063,115395.20090909091,115551.02750000001,1,7,1,6
248,2025/10/13,114958.81,115963.81,113616.5,115166,22557.24033,00:00.0,2591831660.985749,5739352,10710.89723,1230950583.8424664,116669.22,116533.584,119744.29,116772.25684210526,116348.69857142857,116964.7711111111,117446.50833333335,118476.79857142859,119102.4875,119467.87777777777,119815.65909090909,102000,102000,102000,102000,114958.8,2347.3099999999977,1005.0099999999948,1342.300000000003,2347.3099999999977,4774.453571428573,4170.864061506027,2.0418706527903887,-0.300665676,0.025604956215768825,112807.66750000001,115068.166,114598.62777777779,114247.83,114990.04181818181,115358.83416666667,0,1,1,7
249,2025/10/14,115166,115409.96,109866,113028.14,31870.32974,00:00.0,3578140778.808499,7425642,14944.19197,1677011392.6343808,115041.22,116691.94400000002,119037.68999999999,116870.09894736842,116468.46095238096,117307.63277777779,116418.68333333333,117120.72142857143,118062.94875000001,118665.09999999999,119328.0818181818,102000,102000,102000,109561.59,115166,5543.960000000006,243.9600000000064,5300,5543.960000000006,5017.898571428574,4268.942342827026,4.81388604275568,0.4128647509072312,0.028975588792392006,112807.66750000001,115068.166,114598.62777777779,114247.83,114990.04181818181,115358.83416666667,0,2,0,1
250,2025/10/15,113028.13,113612.35,110164,110763.28,22986.48811,00:00.0,2569639641.352769,5243141,10499.31831,1173678794.920774,113314.36799999999,116678.001,118101.40400000001,117082.39631578949,116517.47714285714,117495.67055555557,114705.70666666667,115934.31999999999,116609.1488,117503.52555555555,118491.36727272728,102000,102000,102000,109565.06,113028.14,3448.350000000006,584.2100000000064,2864.1399999999994,3448.350000000006,4929.750000000002,4210.328604053667,3.050877418667604,-0.278749599,0.2376983080364133,112807.66750000001,115068.166,114598.62777777779,114247.83,114990.04181818181,115358.83416666667,0,3,0,2
251,2025/10/16,110763.28,111982.45,107427,108194.28,29857.17252,00:00.0,3277596494.7619195,6127094,13126.95119,1441416875.126377,112912.124,116766.4405,116829.501,117141.3342105263,116396.3476190476,117558.30555555556,112889.18666666669,114142.50285714286,115287.94,115959.60777777777,117434.30181818182,102000,102000,102000,109866,110763.28,4555.449999999997,1219.1699999999983,3336.279999999999,4555.449999999997,5059.227857142859,4234.980132335548,4.112779975457568,0.29890100554381727,0.3673037496928136,112807.66750000001,115068.166,114598.62777777779,114247.83,114990.04181818181,115358.83416666667,0,4,0,3
252,2025/10/17,108194.27,109240,103528.23,106431.68,37920.66838,00:00.0,4022645635.2212014,7570685,17996.99946,1909654487.4562209,112422.1,116693.9815,115183.075,117065.46210526317,116358.24238095239,117337.76833333334,112125.81666666667,112218.48571428572,113398.975,114499.75555555556,116044.48090909091,102000,102000,102000,107427,108194.28,5711.770000000004,1045.7200000000012,4666.050000000003,5711.770000000004,5135.305000000001,4340.465122883009,5.279179268996479,0.2700689710185593,0.4696507711924223,112807.66750000001,115068.166,114598.62777777779,114247.83,114990.04181818181,115358.83416666667,0,5,0,4
253,2025/10/18,106431.68,107499,106322.2,107185.01,11123.18766,00:00.0,1189002999.143113,2105450,4845.85641,518065716.6618129,110716.676,116533.773,113692.948,116763.76368421051,116205.30047619047,116899.97499999999,111423.69666666667,111312.36857142858,111495.13500000001,112624.83111111111,114387.49363636364,102000,102000,102000,103528.23,106431.68,1176.800000000003,1067.320000000007,109.47999999999593,1176.800000000003,5127.219285714287,4114.48904267708,1.105685825874404,-0.706672162,0.4441387001149212,112807.66750000001,115068.166,114598.62777777779,114247.83,114990.04181818181,115358.83416666667,0,6,0,5
254,2025/10/19,107185,109450.07,106103.36,108642.78,15480.66423,00:00.0,1670074079.5802343,3205640,7100.31013,766423535.8177378,109120.478,116284.826,112080.849,116388.66105263158,116088.59380952382,116518.6461111111,110128.065,110818.17,110796.4488,111016.23222222221,113101.31727272728,102000,102000,102000,103528.23,107185.01,3346.7100000000064,2265.060000000012,1081.6499999999942,3346.7100000000064,5111.097142857145,4059.64768248586,3.1223675773319486,0.391747105523526,0.4288448939686634,112807.66750000001,115068.166,114598.62777777779,114247.83,114990.04181818181,115358.83416666667,1,1,0,6
255,2025/10/20,108642.77,111705.56,107402.52,110532.09,19193.4416,00:00.0,2119912185.5934684,4283542,9280.50075,1024925788.7216992,108243.406,116001.36700000001,110778.88700000002,116104.12684210525,115920.91904761904,115965.74555555555,109040.86166666665,109915.88142857142,110546.2463,110557.15222222223,111768.29727272727,102000,102000,102000,103528.23,108642.78,4303.039999999994,3062.779999999999,1240.2599999999948,4303.039999999994,5195.912142857144,4077.032848022584,3.9607233909146964,0.23983320837131794,0.39999495987282996,112957.65999999999,114003.04299999999,113625.04666666666,113641.47875000001,114484.04,114461.10333333333,1,2,1,1
256,2025/10/21,110532.09,114000,107473.72,108297.67,37228.01659,00:00.0,4114477849.932055,6004063,17034.07155,1881327751.3346128,108197.16799999999,115825.525,110554.646,115679.76368421054,115740.92523809522,115410.34222222221,108624.85333333333,109253.89428571427,109992.90749999999,110544.67333333332,110756.45090909091,102000,102000,102000,106103.36,110532.09,6526.279999999999,3467.9100000000035,3058.3699999999953,6526.279999999999,5336.999285714287,4251.979073163828,5.904421059983575,0.939621739855139,0.380865672862733,112957.65999999999,114003.04299999999,113625.04666666666,113641.47875000001,114484.04,114461.10333333333,1,3,1,2
257,2025/10/22,108297.66,109163.88,106666.69,107567.44,28610.78451,00:00.0,3090291706.4439816,5547903,13766.58861,1487179903.5999787,108217.84599999999,115310.65899999999,110319.973,115035.99105263158,115467.05571428571,114636.21277777778,108213.91833333333,108578.11285714284,109134.36624999999,109804.54777777779,110349.46636363635,102000,102000,102000,106103.36,108297.67,2497.1900000000023,866.2100000000064,1630.979999999996,2497.1900000000023,5291.719285714287,4126.636996509269,2.3058575498438723,-0.231471694,0.4771779527252028,112957.65999999999,114003.04299999999,113625.04666666666,113641.47875000001,114484.04,114461.10333333333,1,4,1,3
258,2025/10/23,107567.45,111293.61,107500,110078.18,17573.09294,00:00.0,1924582289.4113936,3721614,8575.33716,938905317.7034107,108444.99799999999,114662.5635,109580.83699999998,114264.17210526316,114941.93428571429,113812.68166666667,108109.445,108121.56428571428,108451.7788,108960.26333333334,110069.74272727274,102000,102000,102000,106666.69,107567.44,3793.6100000000006,3726.1699999999983,67.44000000000233,3793.6100000000006,5269.015000000001,4102.849353901464,3.526727046771774,-0.385787799,0.342224987385319,112957.65999999999,114003.04299999999,113625.04666666666,113641.47875000001,114484.04,114461.10333333333,1,5,1,4
259,2025/10/24,110078.19,112104.98,109700.01,111004.89,15005.16913,00:00.0,1662806764.9533324,3241022,7511.2434,832390454.8076226,109023.63199999998,114054.87250000001,109072.05499999998,113616.12894736843,114444.25952380951,113068.00777777778,108717.19499999999,108390.69285714286,108366.1413,108632.49,109626.05,102000,102000,102000,106666.69,110078.18,2404.970000000001,2026.800000000003,378.16999999999825,2404.970000000001,3972.94142857143,3981.5722571942174,2.184783578362216,-0.146128164,0.06835498191667569,112957.65999999999,114003.04299999999,113625.04666666666,113641.47875000001,114484.04,114461.10333333333,1,6,1,5
260,2025/10/25,111004.9,111943.19,110672.86,111646.27,6407.96864,00:00.0,714201332.9751225,1238199,3087.0866,344113931.7999452,109496.054,113485.56700000001,108869.73000000001,112959.42263157894,113909.63523809523,112309.47166666666,109353.84166666666,109044.00857142857,108717.4675,108659.33555555556,109247.76727272727,102000,102000,102000,106666.69,111004.89,1270.3300000000017,938.3000000000029,332.02999999999884,1270.3300000000017,3795.050714285716,3787.912095966059,1.144391026377308,-0.572949256,0.04106056563553564,112957.65999999999,114003.04299999999,113625.04666666666,113641.47875000001,114484.04,114461.10333333333,1,7,1,6
261,2025/10/26,111646.27,115466.8,111260.45,114559.4,13454.47737,00:00.0,1525108635.874829,2463951,6982.18154,791462349.3516057,109718.88999999998,112893.76500000001,108958.02900000001,112274.56631578946,113397.98142857142,111771.32277777778,109854.42333333334,109681.33142857144,109369.29125000001,109042.89,109122.14272727272,102000,102000,102000,107500,111646.27,4206.350000000006,3820.529999999999,385.820000000007,4206.350000000006,3652.2942857142875,3817.8005176827696,3.76756876875511,1.09964781756485,0.017366319775074208,112957.65999999999,114003.04299999999,113625.04666666666,113641.47875000001,114484.04,114461.10333333333,0,1,1,7
262,2025/10/27,114559.41,116400,113830.01,114107.65,21450.23241,00:00.0,2470872744.548968,3660488,10969.70182,1263753536.9973898,110971.23599999999,112388.808,109594.541,111918.06368421053,112973.08095238094,111285.40055555555,110525.64166666666,110526.56285714285,110291.09,109945.97,109467.24454545454,102000,102000,102000,109700.01,114559.4,2569.9900000000052,1840.6000000000058,729.3899999999994,2569.9900000000052,3668.200000000002,3728.6711949911437,2.24336894222561,0.594282098078998,0.04553396299715531,113398.93000000001,113718.482,113743.47,114430.60999999999,114053.6209090909,114490.31999999999,0,2,0,1
263,2025/10/28,114107.65,116086,112211,112898.45,15523.42257,00:00.0,1772753529.8642745,3829845,7765.31574,887031686.0163724,112279.278,112027.54299999999,110362.138,111433.93999999999,112470.6576190476,110865.69222222222,111493.97166666668,111037.35714285714,110974.1988,110715.15222222223,110004.82363636364,102000,102000,102000,110672.86,114107.65,3875,1978.3500000000058,1896.6499999999942,3875,3548.9885714285733,3739.1232524917764,3.395916049449796,-0.276305157,0.005811934250614703,113398.93000000001,113718.482,113743.47,114430.60999999999,114053.6209090909,114490.31999999999,0,3,0,2
264,2025/10/29,112898.44,113643.73,109200,110021.29,21079.71376,00:00.0,2356715986.533545,4481480,10407.07233,1163985607.3569083,112843.33200000001,111507.1655,110933.482,110972.67947368421,112069.01476190476,110872.57833333334,112382.47333333333,111694.61142857143,111269.99375000001,111188.00444444444,110592.71181818181,102000,102000,103528.23,111260.45,112898.45,4443.729999999996,745.2799999999988,3698.449999999997,4443.729999999996,3620.087142857144,3789.452305885221,3.936041637418402,0.35792952004913414,0.03236353374422265,113398.93000000001,113718.482,113743.47,114430.60999999999,114053.6209090909,114490.31999999999,0,4,0,3
265,2025/10/30,110021.3,111592,106304.34,108322.88,25988.82838,00:00.0,2827221287.4227977,6373451,12551.13144,1365671836.7455924,112646.612,110925.10999999999,111071.33300000001,110827.77368421054,111436.40952380953,110837.9611111111,112372.99166666665,112045.16142857143,111485.4463,111131.24888888889,110850.55545454544,102000,103528.23,103528.23,109200,110021.29,5287.6600000000035,1570.7100000000064,3716.949999999997,5287.6600000000035,3672.3878571428586,3896.467141179134,4.8060334504349145,0.23288336245415886,0.005830575975666984,113398.93000000001,113718.482,113743.47,114430.60999999999,114053.6209090909,114490.31999999999,0,5,0,4
266,2025/10/31,108322.87,111190,108275.28,109608.01,21518.20439,00:00.0,2361590437.9414105,5256872,10798.53938,1185034290.9237795,111981.93399999998,110702.52900000001,110850.41200000001,110705.58842105264,110801.19428571429,110469.29888888888,111925.98999999999,111794.40428571428,111579.87624999999,111134.04999999999,110821.47363636363,103528.23,103528.23,103528.23,106304.34,108322.88,2914.720000000001,2867.1199999999953,47.60000000000582,2914.720000000001,3472.598571428573,3826.342345380625,2.6907704078768964,-0.17202099,0.14719767251635685,113398.93000000001,113718.482,113743.47,114430.60999999999,114053.6209090909,114490.31999999999,0,6,0,5
267,2025/11/1,109608.01,110564.49,109394.81,110098.1,7378.50431,00:00.0,812389216.4346799,1994214,3406.68401,375126956.08097214,110991.656,110650.7095,110981.446,110423.96789473685,110650.40904761906,110160.52166666667,111586.27999999998,111594.84999999999,111521.105,111360.78,110737.46636363637,103528.23,103528.23,103528.23,106304.34,109608.01,1169.6800000000076,956.4800000000105,213.1999999999971,1169.6800000000076,3472.0900000000015,3636.5807492820095,1.0671482859692532,-0.657104088,0.13666578624023287,113398.93000000001,113718.482,113743.47,114430.60999999999,114053.6209090909,114490.31999999999,0,7,0,6
268,2025/11/2,110098.1,111250.01,109471.34,110540.68,12107.00087,00:00.0,1336870531.1415012,2652188,5921.86453,654016950.2549777,110189.746,110407.6745,111234.51200000002,110157.23631578947,110624.39476190474,109997.74166666665,110842.73,111373.68285714285,111407.75624999999,111362.99333333333,110901.1418181818,103528.23,103528.23,103528.23,106304.34,110098.1,1778.6699999999983,1151.909999999989,626.7600000000093,1778.6699999999983,3360.087142857144,3503.8728386190087,1.6155319664916998,0.6408475703661951,0.0934915055191004,113398.93000000001,113718.482,113743.47,114430.60999999999,114053.6209090909,114490.31999999999,0,8,0,7
269,2025/11/3,110540.69,110750,105306.56,106583.04,28681.18779,00:00.0,3076006652.001568,7074546,12847.08574,1377869106.6681776,109718.192,110176.40849999999,111280.76199999999,110026.31736842105,110414.0080952381,109985.375,110248.23499999999,110799.57999999999,111269.5575,111311.41444444444,111171.43636363634,103528.23,103528.23,103528.23,108275.28,110540.68,5443.440000000002,209.32000000000698,5234.119999999995,5443.440000000002,3441.5442857142875,3642.413350146223,4.924377161421481,1.368975446352636,0.17654458912653978,113646.2635,113423.19099999999,113998.39555555556,114356.0275,113429.59090909088,113760.87583333334,0,9,0,8
270,2025/11/4,106583.05,107299,98944.36,101497.22,50534.87376,00:00.0,5197697635.212413,9099609,23388.99033,2406186713.1705294,109030.54199999999,109854.15349999999,110838.577,109806.3047368421,110005.29571428572,109895.86166666665,109195.66666666667,109724.6357142857,110272.51250000001,110748.83333333331,110853.69636363635,103528.23,103528.23,103528.23,105306.56,106583.04,8354.64,715.9600000000064,7638.679999999993,8354.64,3572.1414285714304,3979.0009679929212,7.838620478455109,0.7619519153115242,0.26964544367012777,113646.2635,113423.19099999999,113998.39555555556,114356.0275,113429.59090909088,113760.87583333334,0,10,0,9
271,2025/11/5,101497.23,104534.74,98966.8,103885.16,33778.77571,00:00.0,3454273922.7003846,6500368,18126.84828,1854232277.0330112,107665.40999999999,109390.85050000002,109823.67199999999,109453.82789473682,109456.20428571428,109621.725,107774.98833333333,108095.88857142857,108696.2088,109297.48000000001,109989.36272727273,98944.36,98944.36,98944.36,98944.36,101497.22,5567.940000000002,3037.520000000004,2530.4199999999983,5567.940000000002,3791.480714285716,4092.496613136284,5.485805424030335,-0.331574946,0.13700140785955608,113646.2635,113423.19099999999,113998.39555555556,114356.0275,113429.59090909088,113760.87583333334,0,11,0,10
272,2025/11/6,103885.16,104200,100300.95,101346.04,25814.62139,00:00.0,2641767846.305827,5755001,11972.54796,1225474173.0204284,106520.84,109175.39450000001,108756.24799999999,109319.80052631578,109128.67476190475,109438.4,107035.36833333335,107219.29857142859,107569.54749999999,108161.64777777778,109283.80727272728,98944.36,98944.36,98944.36,98944.36,103885.16,3899.050000000003,314.8399999999965,3584.2100000000064,3899.050000000003,3799.0121428571447,4078.678997912264,3.7532309715843946,-0.235773919,0.3245417575072961,113646.2635,113423.19099999999,113998.39555555556,114356.0275,113429.59090909088,113760.87583333334,0,12,0,11
273,2025/11/7,101346.04,104096.36,99260.86,103339.08,32059.50942,00:00.0,3251112979.305884,6335759,16056.80582,1629564159.11658,104770.42799999999,108921.1125,107480.08700000001,109012.48631578947,108802.56809523808,109033.02555555555,105658.37333333334,106222.60714285714,106485.1413,106878.04666666668,108082.59272727273,98944.36,98944.36,98944.36,98944.36,101346.04,4835.5,2750.320000000007,2085.179999999993,4835.5,3972.6214285714304,4132.737640918531,4.771276707012924,0.24191282667500702,0.27404916061864076,113646.2635,113423.19099999999,113998.39555555556,114356.0275,113429.59090909088,113760.87583333334,0,13,0,12
274,2025/11/8,103339.09,103406.22,101454,102312.94,12390.77985,00:00.0,1267165565.37527,2743819,5862.65977,599611355.3671467,103330.108,108728.81600000002,106524.15,108733.34421052631,108655.30142857143,108633.4138888889,104531.87,105327.04571428572,105862.16625000001,106135.57888888888,107103.63181818182,98944.36,98944.36,98944.36,98966.8,103339.08,1952.2200000000012,67.13999999999942,1885.0800000000017,1952.2200000000012,4021.327857142859,3976.9863808529217,1.8891401007247222,-0.613506879,0.3291349800666399,113646.2635,113423.19099999999,113998.39555555556,114356.0275,113429.59090909088,113760.87583333334,0,14,0,13
275,2025/11/9,102312.95,105495.62,101400,104722.96,16338.97096,00:00.0,1687020822.3668208,3404204,8224.94939,849620657.0869098,102476.088,108412.324,105753.31499999999,108300.75736842107,108423.29809523809,108300.92888888888,103160.58,104214.88,104950.2825,105467.80777777778,106141.31272727273,98944.36,98944.36,98944.36,99260.86,102312.94,4095.6199999999953,3182.679999999993,912.9400000000023,4095.6199999999953,4013.4185714285727,3985.460210791998,4.003032265517925,0.31863943656460014,0.3531423089791089,113646.2635,113423.19099999999,113998.39555555556,114356.0275,113429.59090909088,113760.87583333334,0,15,0,14
276,2025/11/10,104722.95,106670.11,104265.02,106011.13,22682.25673,00:00.0,2400141664.389342,4710957,11595.81944,1226965888.74677,103121.236,108121.86750000001,105393.323,108112.61473684211,108236.64,108142.90222222223,102850.56666666667,103383.77714285713,104278.39,104925.02444444444,105659.64636363638,98944.36,98944.36,98944.36,99260.86,104722.96,2405.0899999999965,1947.1499999999942,457.9400000000023,2405.0899999999965,4001.6400000000003,3872.576624306855,2.296621485870908,0.3882304329647943,0.2822025160975868,113834.218,113070.852,113285.68666666666,113037.89624999999,112632.26090909092,112704.03833333333,1,1,0,15
277,2025/11/11,106011.13,107500,102476.09,103058.99,24196.50718,00:00.0,2532279071.0069213,5532149,10717.03395,1121890584.1997764,103546.43000000001,108007.5405,105033.63500000001,108030.70368421052,108021.35619047619,107916.955,103602.88500000001,103302.0757142857,103712.1963,104470.91666666667,105449.48727272726,98944.36,98944.36,98944.36,101400,106011.13,5023.9100000000035,1488.8699999999953,3535.040000000008,5023.9100000000035,4083.705000000001,3954.8147225706516,4.7390401366347135,0.06675925010571016,0.3233112304243614,113834.218,113070.852,113285.68666666666,113037.89624999999,112632.26090909092,112704.03833333333,1,2,1,1
278,2025/11/12,103059,105333.33,100813.59,101654.37,20457.63906,00:00.0,2108514405.260877,5314132,10155.72095,1047214063.138287,103889.02,107782.11800000002,104329.724,107661.27263157895,107771.89523809523,107475.51611111111,103465.19,103525.18571428572,103271.69,103639.61777777778,104854.12181818181,98944.36,98944.36,98944.36,101400,103058.99,4519.740000000005,2274.3399999999965,2245.4000000000087,4519.740000000005,4089.134285714287,3995.1665281013197,4.38558538173138,-0.154520985,0.28890440408182316,113834.218,113070.852,113285.68666666666,113037.89624999999,112632.26090909092,112704.03833333333,1,3,1,2
279,2025/11/13,101654.37,104085.01,98000.4,99692.02,36198.50771,00:00.0,3654698026.540381,8125404,17250.22426,1742449117.5763607,103552.07800000001,107360.92749999999,103441.093,107169.14000000001,107490.32047619048,106920.41055555554,103516.57833333332,103206.50142857143,103291.33374999999,103091.98777777777,104086.51000000001,98944.36,98944.36,98944.36,100813.59,101654.37,6084.610000000001,2430.6399999999994,3653.970000000001,6084.610000000001,4146.0592857142865,4144.412490379797,5.985586256645928,0.7694372065043167,0.2953265719524871,113834.218,113070.852,113285.68666666666,113037.89624999999,112632.26090909092,112704.03833333333,1,4,1,3
280,2025/11/14,99692.03,99866.02,94012.45,94594,47288.14481,00:00.0,4566085156.747208,9551025,21184.91518,2045542286.863484,103027.894,106795.28400000001,102751.991,106539.96894736843,106995.74142857145,106094.445,102908.735,102970.21285714286,102767.1913,102891.40999999999,103100.26818181817,98000.4,98000.4,98000.4,98000.4,99692.02,5853.570000000007,174,5679.570000000007,5853.570000000007,4355.977142857145,4266.495169638384,5.871653518506303,0.3063561953670382,0.45445096191638834,113834.218,113070.852,113285.68666666666,113037.89624999999,112632.26090909092,112704.03833333333,1,5,1,4
281,2025/11/15,94594,96846.68,94558.49,95596.24,15110.89391,00:00.0,1449074019.0674856,4263558,7115.78198,682358960.754042,101002.102,105942.67050000001,102061.669,105489.15842105263,106214.27047619049,105010.35333333333,101622.245,101720.9157142857,101923.1863,101859.05888888889,102010.35545454545,94012.45,94012.45,94012.45,94012.45,94594,2288.189999999988,2252.679999999993,35.50999999999476,2288.189999999988,4435.870714285715,4125.187657521356,2.4189589191703362,-0.680450693,0.43224826109440984,113834.218,113070.852,113285.68666666666,113037.89624999999,112632.26090909092,112704.03833333333,1,6,1,5
282,2025/11/16,95596.23,96635.11,93005.55,94261.44,23889.4051,00:00.0,2261295524.8173394,5141394,10828.62752,1025540141.3111866,98919.124,104994.5125,101232.777,104514.87368421053,105449.98333333332,104049.11944444444,100101.125,100761.38714285714,100955.33124999999,101220.19222222222,101473.90272727273,94012.45,94012.45,94012.45,94012.45,95596.24,3629.5599999999977,1038.8699999999953,2590.6900000000023,3629.5599999999977,4568.077142857143,4089.7856819841163,3.796760207305222,0.5809392377634659,0.4726558167541446,113834.218,113070.852,113285.68666666666,113037.89624999999,112632.26090909092,112704.03833333333,1,7,1,6
283,2025/11/17,94261.45,96043,91220,92215.14,39218.59806,00:00.0,3674562070.2386074,8134322,18690.19245,1750979467.7862608,97159.614,104002.202,100524.31700000001,103533.97842105264,104483.4138095238,103173.57222222222,98142.84333333334,99266.88428571429,99948.89375,100211.56555555557,100599.01909090909,93005.55,93005.55,93005.55,93005.55,94261.44,4823,1781.5599999999977,3041.4400000000023,4823,4523.76,4142.158133270965,5.116620327463701,0.6416732813493122,0.4416717490419998,113129.44349999998,111383.26200000002,110951.62333333332,110416.54000000001,111360.90545454546,111101.35916666668,1,8,1,7
284,2025/11/18,92215.14,93836.01,89253.78,92960.83,39835.14769,00:00.0,3641033186.3004575,8786593,20130.95957,1841176605.1418235,95271.76800000001,102968.0365,99411.92300000001,102596.81263157894,103440.91333333334,102278.69777777778,96335.53500000002,97296.02857142859,98385.41625000001,99089.58777777778,99768.93727272727,91220,91220,91220,91220,92215.14,4582.229999999996,1620.8699999999953,2961.3600000000006,4582.229999999996,4254.302142857143,4173.591838037324,4.969064732754291,0.01572084828368303,0.30280990926394086,113129.44349999998,111383.26200000002,110951.62333333332,110416.54000000001,111360.90545454546,111101.35916666668,1,9,1,8
285,2025/11/19,92960.83,92980.22,88608,91554.96,32286.6376,00:00.0,2925773651.2559576,6822174,15060.08451,1365200809.1745572,93925.53,102115.0135,98476.712,101788.28368421052,102491.50285714286,101353.85444444444,94886.61166666668,95853.43428571428,96754.12875,97782.68444444444,98825.46,89253.78,89253.78,89253.78,89253.78,92960.83,4372.220000000001,19.389999999999418,4352.830000000002,4372.220000000001,4168.893571428571,4187.779563891801,4.703292773956516,-0.189493714,0.45317422630835674,113129.44349999998,111383.26200000002,110951.62333333332,110416.54000000001,111360.90545454546,111101.35916666668,1,10,1,9
286,2025/11/20,91554.96,93160,86100,86637.23,39733.19073,00:00.0,3548950335.0984216,7841395,18283.84047,1634256490.957432,93317.722,101276.61750000001,97159.91200000001,100838.12315789473,101612.1538095238,100323.68000000001,93530.435,94410.66142857143,95316.12500000001,96176.44333333333,97847.46181818182,88608,88608,88608,88608,91554.96,7060,1605.0399999999936,5454.960000000006,7060,4394.675714285714,4392.938166470959,7.71121520887563,0.2306388550661591,0.49713540988919874,113129.44349999998,111383.26200000002,110951.62333333332,110416.54000000001,111360.90545454546,111101.35916666668,1,11,1,10
287,2025/11/21,86637.22,87498.94,80600,85129.43,72256.12679,00:00.0,6061348756.341564,11826480,34071.85828,2859133223.2240524,91525.92,100128.0785,95222.52200000001,99603.34052631579,100579.50380952381,98995.71055555556,92204.30666666669,92545.69142857144,93438.98250000001,94351.80333333333,96203.30454545455,86100,86100,86100,86100,86637.23,6898.940000000002,861.7100000000064,6037.229999999996,6898.940000000002,4542.064285714286,4571.938297437319,7.963020055004071,0.8185332076903653,0.6257205288039276,113129.44349999998,111383.26200000002,110951.62333333332,110416.54000000001,111360.90545454546,111101.35916666668,1,12,1,11
288,2025/11/22,85129.42,85620,83500,84739.74,14193.93263,00:00.0,1197657354.9690385,4697593,6688.79428,564562148.9373932,89699.518,98879.64499999999,93429.56599999999,98265.90631578949,99413.85714285714,97803.84333333332,90459.83833333333,91193.61,91618.65875,92515.69888888889,94304.96818181819,80600,80600,80600,80600,85129.43,2120,490.570000000007,1629.429999999993,2120,4554.0485714285705,4396.799847620368,2.490325613598024,-0.803560843,0.6173521294592254,113129.44349999998,111383.26200000002,110951.62333333332,110416.54000000001,111360.90545454546,111101.35916666668,1,13,1,12
289,2025/11/23,84739.75,88127.64,84667.57,86830,19734.46418,00:00.0,1708685030.2798696,5063493,10406.51703,901210513.5204473,88204.438,97589.598,91738.103,97116.25894736843,98206.31619047618,96872.87222222221,88872.88833333332,89642.68142857144,90386.87625,90854.33444444445,92639.5818181818,80600,80600,80600,80600,84739.74,3460.0699999999924,3387.899999999994,72.16999999999825,3460.0699999999924,4508.652142857142,4329.890572790342,4.083172782923327,0.39034506464330043,0.6357266905611676,113129.44349999998,111383.26200000002,110951.62333333332,110416.54000000001,111360.90545454546,111101.35916666668,1,14,1,13
290,2025/11/24,86830,89228,85272,88300.01,24663.12795,00:00.0,2150393686.9203186,6189156,12438.87518,1085485389.0234168,86978.272,96601.946,90451.901,96344.3,97077.2361904762,95925.36333333334,87975.365,88581.04714285713,89291.09625,89991.66777777778,91291.91181818182,80600,80600,80600,80600,86830,3956,2398,1558,3956,4619.431428571428,4303.184103305318,4.5560290222273405,0.2497490544990313,0.6252266347351888,112010.75149999998,108539.46099999998,107795.81333333334,107249.7963,109151.14727272728,109316.66333333333,1,15,1,14
291,2025/11/25,88300.01,88519.99,86116,87369.96,19567.0411,00:00.0,1708989000.038937,4838747,9423.17985,823123525.1402558,86327.282,95942.0855,89822.50200000001,95524.02894736842,96206.61571428571,95200.58388888888,87198.56166666666,88021.74285714285,88545.9175,89180.97555555556,90256.27454545455,80600,80600,80600,83500,88300.01,2403.9900000000052,219.98000000001048,2184.0099999999948,2403.9900000000052,4432.294285714285,4167.5273816406525,2.722525172986963,-0.206627759,0.5964179258804756,112010.75149999998,108539.46099999998,107795.81333333334,107249.7963,109151.14727272728,109316.66333333333,1,16,1,15
292,2025/11/26,87369.97,90656.08,86306.77,90484.02,21675.82239,00:00.0,1916851896.6699688,4668280,10883.61063,962765375.8163832,86473.82800000001,95116.3255,88999.87400000001,94788.44578947368,95533.88904761906,94313.41055555556,86501.06166666666,87223.04714285715,87940.27,88415.25555555554,89599.54363636364,80600,80600,80600,84667.57,87369.96,4349.309999999998,3286.1199999999953,1063.1900000000023,4349.309999999998,4420.120714285714,4180.511854380606,4.9780382181701786,0.1077721091923296,0.3987293176800753,112010.75149999998,108539.46099999998,107795.81333333334,107249.7963,109151.14727272728,109316.66333333333,1,17,1,16
293,2025/11/27,90484.01,91950,90089.91,91333.95,16833.50932,00:00.0,1535778106.5787077,3920172,8898.35835,812005498.7594875,87544.746,94573.22450000001,88622.13200000001,94111.86368421053,94895.73952380953,93656.24833333334,87142.19333333334,87070.05571428571,87630.66875000001,88222.90888888888,89134.79636363637,80600,80600,80600,85272,90484.02,1860.0899999999965,1465.979999999996,394.1100000000006,1860.0899999999965,4118.369285714284,4014.767436210562,2.055711052625642,-0.223396971,0.31068062574215005,112010.75149999998,108539.46099999998,107795.81333333334,107249.7963,109151.14727272728,109316.66333333333,1,18,1,17
294,2025/11/28,91333.94,93092,90180.63,90890.7,18830.86012,00:00.0,1721418035.0795596,4229754,8961.64712,820315728.918691,88863.588,93972.96800000001,88534.013,93534.02210526317,94418.97333333334,92912.41444444444,88176.28000000001,87741.0157142857,87603.0425,88042.14444444445,88868.6609090909,80600,80600,80600,86116,91333.95,2911.3699999999953,1758.050000000003,1153.3199999999924,2911.3699999999953,3908.212142857141,3935.953333624093,3.1876098646779156,0.11865326249155506,0.16645780593744344,112010.75149999998,108539.46099999998,107795.81333333334,107249.7963,109151.14727272728,109316.66333333333,1,19,1,18
295,2025/11/29,90890.71,91165.65,90155.47,90802.44,7429.88291,00:00.0,673725652.9787655,1677860,3359.04932,304614219.1452583,89675.728,93401.856,88327,92806.00842105263,93826.19333333333,92072.39055555555,89201.44,88564.05428571429,88134.72624999999,87968.33777777778,88748.25727272726,80600,80600,80600,86306.77,90890.7,1010.179999999993,274.9499999999971,735.2299999999959,1010.179999999993,3816.9257142857127,3726.9695240795145,1.1114228408406943,-0.605441129,0.22470551287389262,112010.75149999998,108539.46099999998,107795.81333333334,107249.7963,109151.14727272728,109316.66333333333,1,20,1,19
296,2025/11/30,90802.44,92000.01,90336.9,90360,9687.74175,00:00.0,884051773.1655338,2154030,5002.96698,456606490.1203246,90176.21399999999,92705.83,88251.74799999999,92005.55105263158,93278.07428571429,91391.47111111112,89863.51333333335,89430.15428571428,88843.85250000001,88431.13888888889,88552.04000000001,80600,80600,80600,90089.91,90802.44,1663.1100000000006,1197.5699999999924,465.54000000000815,1663.1100000000006,3676.464999999999,3579.5509866452635,1.8315697243378046,0.3038888859151616,0.1908602860672588,112010.75149999998,108539.46099999998,107795.81333333334,107249.7963,109151.14727272728,109316.66333333333,1,21,1,20
297,2025/12/1,90360.01,90417,83822.76,86286.01,34509.01227,00:00.0,2977024047.2231607,7709685,15524.33346,1338718794.0013125,90774.222,91923.2735,88624.025,91337.18315789473,92594.12380952381,90764.00611111111,90206.84500000002,89934.43999999999,89546.38500000001,89012.31333333334,88443.40727272727,80600,80600,80600,90155.47,90360,6594.240000000005,57,6537.240000000005,6594.240000000005,3802.9821428571418,3794.8859161706023,7.297742363877828,2.5621317289965955,0.26388010519356525,110574.41949999999,106052.23199999999,105373.15222222224,103109.5075,106886.78272727273,107585.21833333334,1,22,1,21
298,2025/12/2,86286.01,92307.65,86184.39,91277.88,28210.22732,00:00.0,2519515177.662365,6397299,13512.33949,1206199898.2941513,89934.62,91084.6245,88739.683,90528.32210526316,91654.83238095239,90019.22777777778,90026.18666666666,89646.72571428571,89478.38625000001,89184.1211111111,88411.47818181818,80600,80600,80600,83822.76,86286.01,6123.259999999995,6021.639999999999,101.61999999999534,6123.259999999995,3913.0557142857133,3961.1983507298446,7.096469056803062,-0.182525796,0.06299594874977095,110574.41949999999,106052.23199999999,105373.15222222224,103109.5075,106886.78272727273,107585.21833333334,0,1,1,22
299,2025/12/3,91277.88,94150,90990.23,93429.95,25712.52585,00:00.0,2386223626.8613906,6733182,12993.19312,1206219500.4577343,89923.40599999999,90565.80000000002,89393.497,90085.47263157894,91093.82714285715,89834.99888888889,90158.49666666666,90205,89850.62000000001,89678.33,88970.42818181819,80600,80600,80600,83822.76,91277.88,3159.770000000004,2872.1199999999953,287.65000000000873,3159.770000000004,3826.452142857142,3903.9534685348563,3.461703974719838,-0.088538864,0.06827726617093986,110574.41949999999,106052.23199999999,105373.15222222224,103109.5075,106886.78272727273,107585.21833333334,0,2,0,1
300,2025/12/4,93429.95,94080,90889,92078.06,19803.94059,00:00.0,1836645629.33462,5856049,8312.69539,770992235.207992,90431.256,90252.6965,90053.492,90024.20684210525,90702.18809523809,89714.64944444444,90507.83,90625.84714285714,90608.11875,90248.32333333333,89760.44727272728,80600,80600,80600,83822.76,93429.95,3191,650.0500000000029,2540.949999999997,3191,3550.094999999999,3853.0282207823666,3.4153930297511668,-0.229794043,0.2276919947922453,110574.41949999999,106052.23199999999,105373.15222222224,103109.5075,106886.78272727273,107585.21833333334,0,3,0,2
301,2025/12/5,92078.06,92692.36,88056,89330.04,19792.97218,00:00.0,1788436983.8106546,5520352,8722.13995,787809723.7213238,90686.37999999999,90126.89950000001,90431.29699999999,89839.03947368421,90339.61857142858,89593.35055555556,90705.72333333333,90732.14857142858,90807.37375,90771.44555555556,90237.54363636364,80600,80600,80600,86184.39,92078.06,4636.360000000001,614.3000000000029,4022.0599999999977,4636.360000000001,3388.4821428571418,3908.9804907264834,5.035249439443012,-0.00055385,0.16711668899200444,110574.41949999999,106052.23199999999,105373.15222222224,103109.5075,106886.78272727273,107585.21833333334,0,4,0,3
302,2025/12/6,89330.04,90289.97,88908.01,89236.79,8409.50016,00:00.0,753420679.8063259,2482221,4041.72834,362232786.26957136,90480.388,89813.58949999999,90627.305,89579.49210526317,90088.95380952381,89433.06722222222,90460.32333333332,90509.19714285714,90556.885,90643.22555555556,90331.18272727272,80600,80600,80600,88056,89330.04,1381.9600000000064,959.9300000000076,422.02999999999884,1381.9600000000064,3335.7649999999994,3728.479027103164,1.5470271814498309,-0.575126965,0.1810453977257127,110574.41949999999,106052.23199999999,105373.15222222224,103109.5075,106886.78272727273,107585.21833333334,0,5,0,4
303,2025/12/7,89236.8,91760,87719.28,90395.31,13021.11185,00:00.0,1167866486.8455212,3953071,6370.56683,571547237.8567672,91070.544,89562.35699999999,90502.58200000001,89422.73684210527,89786.12285714287,89226.17611111113,90273.12166666666,90285.53285714285,90350.14625,90410.20777777776,90500.89454545455,80600,80600,80600,88056,89236.79,4040.720000000001,2523.2100000000064,1517.5099999999948,4040.720000000001,3377.2400000000002,3750.7819537386526,4.5280875746427025,0.5483811882108343,0.14912866656259277,110574.41949999999,106052.23199999999,105373.15222222224,103109.5075,106886.78272727273,107585.21833333334,0,6,0,5
304,2025/12/8,90395.32,92287.15,89612,90634.34,15793.63887,00:00.0,1436920018.893613,5458731,7296.74328,663654575.4521835,90894.03,89471.3655,90408.718,89287.70947368421,89602.02142857143,89161.7511111111,90958.005,90290.57714285715,90299.25499999999,90355.16444444444,90492.83,80600,80600,80600,87719.28,90395.31,2675.149999999994,1891.8399999999965,783.3099999999977,2675.149999999994,3285.750714285714,3673.9510999001773,2.959390260401778,0.21292552064207948,0.10293989891791563,109230.929,103875.36799999999,101696.81888888888,100039.0713,104628.87545454547,105512.49333333333,0,7,0,6
305,2025/12/9,90634.35,94588.99,89500,92678.8,21240.43014,00:00.0,1956261065.6071727,5940223,10517.75959,969426006.1222628,90334.908,89355.041,90383.08200000001,89239.2557894737,89526.74523809523,89383.81277777777,90850.74833333334,90911.76714285715,90333.54749999999,90336.48666666666,90429.2290909091,80600,80600,80600,87719.28,90634.34,5088.990000000005,3954.6500000000087,1134.3399999999965,5088.990000000005,3477.536428571428,3775.025307050165,5.614858562438923,0.34487247143191135,0.2231445115471103,109230.929,103875.36799999999,101696.81888888888,100039.0713,104628.87545454547,105512.49333333333,0,8,0,7
306,2025/12/10,92678.81,94476,91563.15,92015.37,18998.68083,00:00.0,1758773276.2478049,6025707,9197.33116,852012295.3967115,90455.056,89411.233,90570.718,89557.23315789475,89513.31523809524,89803.22222222222,90725.55666666666,91111.89857142858,91132.64624999999,90594.1311111111,90591.78363636363,80600,80600,83500,87719.28,92678.8,2912.850000000006,1797.199999999997,1115.6500000000087,2912.850000000006,3374.932142857143,3713.4413565465825,3.1429517861690113,-0.105541615,0.07175822770037091,109230.929,103875.36799999999,101696.81888888888,100039.0713,104628.87545454547,105512.49333333333,0,9,0,8
307,2025/12/11,92015.38,93555,89260.63,92513.38,19972.58758,00:00.0,1814322119.0658488,6250438,9150.89797,831529923.8088819,90992.122,89680.14,90736.25499999999,89919.65105263157,89535.23952380952,90207.42388888888,90715.10833333332,90909.81571428572,91224.83249999999,91230.72666666667,90702.04999999999,80600,83500,83822.76,89500,92015.37,4294.369999999995,1539.6300000000047,2754.7399999999907,4294.369999999995,3548.809285714286,3754.936259650398,4.667013782588708,0.05126180910740619,0.05619413307005142,109230.929,103875.36799999999,101696.81888888888,100039.0713,104628.87545454547,105512.49333333333,0,10,0,9
308,2025/12/12,92513.38,92754,89480,90268.42,16679.19169,00:00.0,1521683425.5648005,4956719,7986.68273,728724357.3886564,91647.43999999999,90049.3375,91358.992,90328.79,89815.05619047619,90523.16722222223,91245.665,90972.00428571428,91110.26125,91368.00444444445,90897.81181818181,83500,83822.76,83822.76,89260.63,92513.38,3274,240.61999999999534,3033.3800000000047,3274,3574.711428571429,3720.5836696753695,3.5389475554779213,-0.164895804,0.027304718694865542,109230.929,103875.36799999999,101696.81888888888,100039.0713,104628.87545454547,105512.49333333333,0,11,0,10
309,2025/12/13,90268.43,90634.55,89766.39,90240.01,5895.70788,00:00.0,532250544.59040153,1363754,2237.9847,202065519.4961406,91622.062,90325.7715,91258.046,90509.7594736842,90059.77,90632.52333333333,91417.60333333333,91106.05857142856,90884.05625000001,91016.72333333333,91259.84909090909,83822.76,83822.76,83822.76,89260.63,90268.42,868.1600000000035,366.13000000000466,502.02999999999884,868.1600000000035,3564.567142857144,3516.839121841415,0.9617538448108469,-0.646523166,0.024743569720649214,109230.929,103875.36799999999,101696.81888888888,100039.0713,104628.87545454547,105512.49333333333,0,12,0,11
310,2025/12/14,90240,90472.4,87577.36,88172.17,9416.94004,00:00.0,839079130.8378651,3115749,4005.70835,356905157.3266693,91543.196,90496.27200000001,90939.052,90611.86473684211,90321.68761904763,90791.97055555556,91391.71999999999,91249.37571428572,90997.8025,90812.49555555555,91165.49727272727,83822.76,83822.76,83822.76,89260.63,90240.01,2895.0399999999936,232.38999999999942,2662.649999999994,2895.0399999999936,3652.5621428571435,3472.424898852742,3.208155672855083,0.5972534989301403,0.08982806934703713,109230.929,103875.36799999999,101696.81888888888,100039.0713,104628.87545454547,105512.49333333333,0,13,0,12
311,2025/12/15,88172.16,90052.64,85146.64,86432.08,19778.6919,00:00.0,1732823429.5017288,6747167,9592.41076,840349649.3250623,90641.87,90489.88,90548.46299999999,90654.08631578946,90385.60047619048,90663.53444444443,90981.35833333334,90931.78428571428,90864.72499999999,90683.84333333332,90687.51727272727,83822.76,83822.76,83822.76,87577.36,88172.17,4906,1880.4700000000012,3025.529999999999,4906,3531.9735714285716,3574.823120363261,5.564113937538341,1.100331085892738,0.006632957721532951,107668.75999999998,100344.35399999999,98720.52666666667,97480.245,102447.80454545454,103257.48333333334,0,14,0,13
312,2025/12/16,86432.08,88175.98,85266,87863.42,18456.05017,00:00.0,1604673428.6527836,6099692,9065.97746,788731082.46646,89525.212,90442.986,90258.667,90440.82631578947,90296.65142857144,90391.20833333333,89940.23833333333,90331.46142857142,90369.32125000001,90372.20888888888,90174.24636363635,83822.76,83822.76,83822.76,85146.64,86432.08,2909.979999999996,1743.8999999999942,1166.0800000000017,2909.979999999996,3302.4535714285716,3527.334326051599,3.3667823335965026,-0.066872053,0.18495210526647893,107668.75999999998,100344.35399999999,98720.52666666667,97480.245,102447.80454545454,103257.48333333334,0,15,0,14
313,2025/12/17,87863.43,90365.85,85314,86243.22,19834.11729,00:00.0,1733348496.6703594,6058638,9277.27838,810618013.2566439,88595.22,90311.956,90121.32999999999,90258.16684210526,90320.14952380952,90223.0261111111,89248.24666666666,89643.55,90022.95624999999,90090.88777777778,90040.91727272727,83822.76,83822.76,83822.76,85146.64,87863.42,5051.850000000006,2502.4300000000076,2549.4199999999983,5051.850000000006,3437.6021428571435,3636.2283027621997,5.74966237371594,0.07466749967119313,0.4008338236809259,107668.75999999998,100344.35399999999,98720.52666666667,97480.245,102447.80454545454,103257.48333333334,0,16,0,15
314,2025/12/18,86243.23,89477.61,84450.01,85516.41,25405.41763,00:00.0,2204223872.6696463,6946947,12668.53838,1098646854.9700365,87790.18,90057.41949999999,89706.121,90013.56263157894,90118.20666666667,89969.73611111111,88203.21999999999,88818.95714285714,89218.50875000001,89602.98555555556,89768.77454545455,83822.76,83822.76,83822.76,85146.64,86243.22,5027.600000000006,3234.3899999999994,1793.2100000000064,5027.600000000006,3568.7878571428582,3735.611995422043,5.829559703359877,0.2808947965034445,0.3791903432483351,107668.75999999998,100344.35399999999,98720.52666666667,97480.245,102447.80454545454,103257.48333333334,0,17,0,16
315,2025/12/19,85516.41,89399.97,85110.24,88136.94,21256.65004,00:00.0,1863236625.932864,6482253,10880.14451,953886285.3647416,86845.46,89788.70499999999,89194.328,89735.3505263158,89841.18095238095,89700.64777777778,87411.21833333334,87819.39,88406.13875,88807.16444444444,89325.23818181817,83822.76,83822.76,83822.76,84450.01,85516.41,4289.729999999996,3883.5599999999977,406.16999999999825,4289.729999999996,3544.028571428572,3775.191852891897,5.016265299256594,-0.163302475,0.06945964575634779,107668.75999999998,100344.35399999999,98720.52666666667,97480.245,102447.80454545454,103257.48333333334,0,18,0,17
316,2025/12/20,88136.95,88573.07,87795.76,88360.9,5123.13194,00:00.0,451919022.72775954,1174426,2456.37063,216687645.32920048,86838.41399999999,89655.43000000001,88740.142,89618.34736842106,89710.04952380953,89803.47722222221,87060.70666666667,87514.89285714286,87859.08375,88376.22777777778,89098.20181818183,83822.76,83822.76,84450.01,84450.01,88136.94,777.3100000000122,436.13000000000466,341.18000000000757,777.3100000000122,3500.8392857142867,3561.0574348281907,0.8819344079792334,-0.758986862,0.05060727692298539,107668.75999999998,100344.35399999999,98720.52666666667,97480.245,102447.80454545454,103257.48333333334,0,19,0,18
317,2025/12/21,88360.91,89081.77,87600.04,88658.86,7132.87258,00:00.0,629720971.7866651,2030666,3450.39397,304712061.7980245,87224.178,89555.475,88374.69499999999,89727.55210526315,89593.78571428571,89641.42277777777,87092.16166666667,87246.44857142857,87620.64374999999,87914.8411111111,88705.66545454547,83822.76,84450.01,84450.01,84450.01,88360.9,1481.7300000000105,720.8700000000099,760.8600000000006,1481.7300000000105,3318.0542857142873,3412.534046626178,1.676906867177689,0.3922875037256994,0.10557833237970259,107668.75999999998,100344.35399999999,98720.52666666667,97480.245,102447.80454545454,103257.48333333334,0,20,0,19
318,2025/12/22,88658.87,90588.23,87900,88620.79,14673.2197,00:00.0,1310235631.747926,4847747,7269.61435,649186791.7715422,87383.26599999999,89674.11750000001,87989.243,89589.70894736842,89512.77904761906,89376.36222222222,87463.29166666667,87315.97571428571,87423,87736.0011111111,88400.52818181818,84450.01,84450.01,84450.01,85110.24,88658.86,2688.229999999996,1929.3699999999953,758.8600000000006,2688.229999999996,3318.9885714285733,3360.7980432957365,3.0321053079184592,1.0571262889431847,0.12394074382289137,106391.26299999999,97714.36,96500.09111111112,94242.6775,99282.03636363636,101298.72583333333,0,21,0,20
319,2025/12/23,88620.79,88940,86601.9,87486,13910.32904,00:00.0,1219899607.2677548,4465080,6381.76747,559905195.8871304,87858.78,89541.26299999999,87824.48,89336.5952631579,89623.95904761905,89184.29166666667,87589.52,87628.64857142858,87479.0775,87556.08777777778,88046.65636363636,84450.01,84450.01,84450.01,87600.04,88620.79,2338.100000000006,319.2100000000064,2018.8899999999994,2338.100000000006,3122.4964285714304,3287.7481830603274,2.638319969840041,-0.051992042,0.3385931509348096,106391.26299999999,97714.36,96500.09111111112,94242.6775,99282.03636363636,101298.72583333333,0,22,0,21
320,2025/12/24,87486,88049.89,86420,87669.45,9140.8432,00:00.0,797460526.4738462,2877239,4543.27331,396385690.4046026,88252.698,89244.0655,87549.079,89094.90789473684,89443.39333333333,89081.845,87796.65000000001,87574.73142857142,87610.81749999999,87479.84666666666,87793.70909090909,84450.01,84450.01,84450.01,86601.9,87486,1629.8899999999994,563.8899999999994,1066,1629.8899999999994,3030.85642857143,3169.3297414131616,1.863029513293555,-0.342873689,0.2925280787697893,106391.26299999999,97714.36,96500.09111111112,94242.6775,99282.03636363636,101298.72583333333,0,23,0,22
321,2025/12/25,87669.44,88592.74,86934.72,87225.27,7096.58235,00:00.0,622970453.6497648,1992172,3390.95708,297591128.7233041,88159.2,89023.63500000001,87498.807,89007.50842105263,89169.08380952381,88994.77055555554,88155.48999999999,87778.47857142857,87586.57125000001,87617.33222222222,87560.02181818182,84450.01,84450.01,84450.01,86420,87669.45,1658.020000000004,923.2900000000081,734.7299999999959,1658.020000000004,2842.5457142857163,3061.379045597936,1.8912175221813345,-0.223640293,0.3572422123423289,106391.26299999999,97714.36,96500.09111111112,94242.6775,99282.03636363636,101298.72583333333,0,24,0,23
322,2025/12/26,87225.27,89567.75,86655.08,87369.56,18344.61505,00:00.0,1616722115.636646,4509482,8846.80613,780464877.7249064,87932.074,88918.3965,87578.126,88901.63894736842,88937.99857142859,88818.65722222223,88003.545,88022.60142857142,87709.32750000001,87546.42666666667,87473.94,84450.01,84450.01,84450.01,86420,87225.27,2912.6699999999983,2342.479999999996,570.1900000000023,2912.6699999999983,2816.7364285714307,3050.756970912369,3.339250196645992,1.584992908593529,0.22822219003093433,106391.26299999999,97714.36,96500.09111111112,94242.6775,99282.03636363636,101298.72583333333,0,25,0,24
323,2025/12/27,87369.56,87984,87253.05,87877.01,4469.55156,00:00.0,391274205.274436,957536,2065.72405,180860481.2392424,87674.214,88825.035,87528.74,88742.38894736842,88844.64238095238,88637.28055555555,87838.32166666666,87912.97571428573,87940.97125,87671.57555555557,87559.16545454545,84450.01,84450.01,84450.01,86420,87369.56,730.9499999999971,614.4400000000023,116.50999999999476,730.9499999999971,2806.9357142857157,2885.0564729900566,0.8366186117911057,-0.756356209,0.17927374030406085,106391.26299999999,97714.36,96500.09111111112,94242.6775,99282.03636363636,101298.72583333333,0,26,0,25
324,2025/12/28,87877,88088.75,87435,87952.71,4446.29285,00:00.0,390327299.1502763,1241426,2230.75216,195842128.18741432,87525.45800000001,88699.12,87692.11899999999,88597.26631578947,88779.89095238096,88370.51444444444,87708.01333333332,87843.84857142856,87908.48,87933.86444444445,87560.40090909091,84450.01,84450.01,84450.01,86655.08,87877.01,653.75,211.74000000000524,442.00999999999476,653.75,2646.8435714285733,2725.6774392050525,0.7439374644175991,-0.005203813,0.01961422205378191,106391.26299999999,97714.36,96500.09111111112,94242.6775,99282.03636363636,101298.72583333333,0,27,0,26
325,2025/12/29,87952.71,90406.08,86806.5,87237.13,19894.98575,00:00.0,1762011993.0377953,4793589,10079.10102,892298235.3755021,87618.8,88565.0385,87935.749,88348.5247368421,88663.57666666666,88144.81111111112,87596.66666666667,87742.97,87857.45624999999,87913.39444444445,87715.80909090908,84450.01,84450.01,84450.01,86655.08,87952.71,3599.5800000000017,2453.3699999999953,1146.2100000000064,3599.5800000000017,2553.5278571428594,2788.099050690406,4.092631142349112,3.4745108838253875,0.07920360555701392,104824.198,95645.353,93543.79222222223,91419.18125,96826.93727272727,98337.92583333334,0,28,0,27
326,2025/12/30,87237.13,89400,86845.66,88485.49,13105.91001,00:00.0,1155016404.4786751,3542176,6561.56089,578303387.4025433,87532.33600000001,88292.955,87845.768,88097.03842105262,88501.80476190477,87851.6861111111,87555.18833333334,87545.30428571429,87679.73999999999,87788.53111111111,87872.23818181817,84450.01,84450.01,84450.01,86806.5,87237.13,2554.3399999999965,2162.8699999999953,391.47000000000116,2554.3399999999965,2528.1250000000023,2771.4019756410908,2.928042222388559,-0.341245569,0.062323357708780745,104824.198,95645.353,93543.79222222223,91419.18125,96826.93727272727,98337.92583333334,0,29,0,28
327,2025/12/31,88485.5,89200,87250,87648.22,11558.62047,00:00.0,1019746835.2795268,2897396,5432.03408,479104976.9645489,87784.38,88116.461,87858.227,87885.0442105263,88302.12333333334,87752.63444444444,87691.195,87688.08857142857,87662.8275,87769.26777777779,87903.92454545455,84450.01,84450.01,84450.01,86806.5,88485.49,1950,714.5099999999948,1235.4900000000052,1950,2306.5642857142875,2712.7304059524413,2.2037511460918617,-0.118060443,0.15274395547035063,104824.198,95645.353,93543.79222222223,91419.18125,96826.93727272727,98337.92583333334,0,30,0,29
328,2026/1/1,87648.21,88919.45,87550.43,88839.04,6279.57133,00:00.0,552991635.2911001,1449281,3123.64536,275090077.2883817,87840.112,87873.20300000001,87757.163,87747.13894736841,88094.1638095238,87608.64611111111,87761.68666666666,87685.05571428571,87683.10500000001,87661.20444444445,87839.13545454547,84450.01,84450.01,84450.01,86806.5,87648.22,1369.020000000004,1271.229999999996,97.79000000000815,1369.020000000004,2045.2371428571444,2616.751091241553,1.5619484343207473,-0.456719654,0.3438717669811729,104824.198,95645.353,93543.79222222223,91419.18125,96826.93727272727,98337.92583333334,0,31,0,30
329,2026/1/2,88839.05,90961.81,88379.88,89995.13,17396.97301,00:00.0,1558958860.8870876,5010211,8929.35447,800380273.9640186,88032.518,87801.734,87778.988,87673.40368421053,87919.19523809524,87645.69444444444,88006.60000000002,87915.5942857143,87829.30374999999,87811.54222222223,87855.51545454544,84450.01,84450.01,84450.01,86845.66,88839.04,2581.929999999993,2122.770000000004,459.15999999998894,2581.929999999993,1923.2514285714299,2614.2638704385845,2.906301103658924,1.7704077389626534,0.22666464990695687,104824.198,95645.353,93543.79222222223,91419.18125,96826.93727272727,98337.92583333334,0,32,0,31
330,2026/1/3,89995.14,90741.16,89314.01,90628.01,7057.46716,00:00.0,635514773.6093655,1684214,3791.72083,341479553.3015828,88441.00200000001,87789.48999999999,88029.901,87769.34894736843,87906.18142857142,87843.64166666666,88359.62,88290.67571428572,88175.53624999999,88069.95111111112,87980.45545454546,84450.01,84450.01,84450.01,87250,89995.13,1427.1500000000087,746.0299999999988,681.1200000000099,1427.1500000000087,1969.6685714285725,2529.4700225501147,1.5858080320568555,-0.594327866,0.2634064104452789,104824.198,95645.353,93543.79222222223,91419.18125,96826.93727272727,98337.92583333334,0,33,0,32
331,2026/1/4,90628.01,91810,90628,91529.73,10426.5297,00:00.0,952160980.5212084,2207037,5320.99389,485918671.5920199,89119.178,87912.28199999999,88325.757,87990.18736842106,87924.6576190476,87997.23000000001,88805.50333333334,88683.67571428572,88582.8425,88448.03333333334,88266.09272727273,84450.01,84450.01,84450.01,87550.43,90628.01,1182,1181.9900000000052,0.00999999999476131,1182,1948.259285714286,2433.2221637965354,1.304232543559105,0.4773755886665718,0.3116902715874428,104824.198,95645.353,93543.79222222223,91419.18125,96826.93727272727,98337.92583333334,0,34,0,33
332,2026/1/5,91529.74,94789.08,91514.81,93859.71,20673.59584,00:00.0,1927455243.548076,5485489,10892.9695,1015858751.9317029,89728.026,88167.16449999998,88756.20300000001,88183.15105263158,88084.54142857142,88290.92499999999,89520.93666666666,89194.67857142857,89039.4325,88910.27444444444,88617.02727272727,84450.01,84450.01,84450.01,88379.88,91529.73,3274.270000000004,3259.350000000006,14.919999999998254,3274.270000000004,1990.1192857142867,2493.2970092396404,3.5772748373670544,0.9827877956363567,0.4554568722089221,103530.43400000001,93342.386,91431.46444444444,89770.0275,95271.20545454546,96385.50333333334,1,1,0,34
333,2026/1/6,93859.71,94444.44,91262.94,93747.97,18546.41829,00:00.0,1728045542.298375,5018686,8108.82157,755998193.3969632,90970.324,88466.979,89405.21800000001,88584.01894736843,88438.23809523809,88754.44166666667,90416.64,90140.76142857142,89777.80750000001,89575.01888888888,89220.15818181819,84450.01,84450.01,85110.24,89314.01,93859.71,3181.5,584.7299999999959,2596.770000000004,3181.5,2050.362142857143,2542.454365722523,3.389633315508859,-0.102893448,0.5975441599840088,103530.43400000001,93342.386,91431.46444444444,89770.0275,95271.20545454546,96385.50333333334,1,2,1,1
334,2026/1/7,93747.97,93747.97,90675.52,91364.16,14276.49025,00:00.0,1311906952.9749737,4340252,6714.86954,616889466.1481977,91952.11,88842.21650000001,89992.314,89017.25894736842,88718.45476190477,89066.16555555555,91433.265,90892.54428571428,90591.6625,90218.93666666668,89800.01363636364,84450.01,85110.24,86420,90628,93747.97,3072.449999999997,0,3072.449999999997,3072.449999999997,2153.402142857143,2580.3111967423424,3.2773509655729045,-0.230229254,0.2913839022006605,103530.43400000001,93342.386,91431.46444444444,89770.0275,95271.20545454546,96385.50333333334,1,3,1,2
335,2026/1/8,91364.16,91687.99,89311,91099.99,16132.79117,00:00.0,1460622501.2073882,4923472,8192.07574,741768676.9751914,92225.916,89134.604,90333.459,89187.11263157894,88962.30904761904,89233.01333333335,91854.11833333333,91423.39285714286,90951.49625000001,90677.49555555555,90117.02727272728,85110.24,86420,86420,90675.52,91364.16,2376.9900000000052,323.83000000000175,2053.1600000000035,2376.9900000000052,2204.757142857143,2565.7882541178897,2.601665685975776,0.13002501927951093,0.30998107178775575,103530.43400000001,93342.386,91431.46444444444,89770.0275,95271.20545454546,96385.50333333334,1,4,1,3
336,2026/1/9,91100,92082.55,89694.66,90641.28,15590.27939,00:00.0,1416907180.1870482,4155703,8512.4327,773999739.2375336,92320.312,89282.75649999999,90719.74500000001,89331.27526315789,89228.19380952381,89368.63166666667,92038.26166666667,91746.3857142857,91382.9675,90967.99555555555,90403.14363636365,86420,86420,86420,89311,91099.99,2387.8899999999994,982.5599999999977,1405.3300000000017,2387.8899999999994,2167.2728571428574,2553.081235966612,2.6211748212046997,-0.033627893,0.2553182855374973,103530.43400000001,93342.386,91431.46444444444,89770.0275,95271.20545454546,96385.50333333334,1,5,1,4
337,2026/1/10,90641.27,90832,90404,90504.7,3104.11722,00:00.0,281321375.4802981,766357,1551.97383,140664759.4095869,92142.622,89396.7755,90935.324,89435.61315789474,89347.4480952381,89480.8811111111,92040.47333333333,91838.69285714286,91608.2475,91300.55777777778,90712.61181818182,86420,86420,86420,89311,90641.28,428,190.72000000000116,237.27999999999884,428,2145.633571428572,2401.289719111854,0.47219103701977727,-0.800894061,0.2111712143213061,103530.43400000001,93342.386,91431.46444444444,89770.0275,95271.20545454546,96385.50333333334,1,6,1,5
338,2026/1/11,90504.7,91283.89,90236,91013.65,5477.13594,00:00.0,497245863.9319499,1282029,2868.36168,260447706.8088716,91471.62000000001,89489.06749999999,91220.972,89534.76631578947,89449.53380952381,89648.58666666667,91869.63500000001,91821.07714285713,91671.94375,91485.63111111111,90896.17636363638,86420,86420,86420,89311,90504.7,1047.8899999999994,779.1900000000023,268.6999999999971,1047.8899999999994,2173.786428571429,2304.6183106038643,1.157829372397234,0.7644745838560827,0.23771226389433334,103530.43400000001,93342.386,91431.46444444444,89770.0275,95271.20545454546,96385.50333333334,1,7,1,6
339,2026/1/12,91013.66,92519.95,90128.44,91296.2,16188.08268,00:00.0,1479964862.2693064,4099509,8092.5428,740004800.1807222,90924.756,89608.71050000002,91438.433,89720.43210526316,89561.66666666667,89834.37555555555,91395.29166666667,91747.35142857142,91720.14875000001,91598.79999999999,91202.12454545454,86420,86420,86655.08,89694.66,91013.65,2391.5099999999948,1506.300000000003,885.2099999999919,2391.5099999999948,2087.4957142857143,2310.824859846445,2.62763882120978,1.9555743836440178,0.32619661626042595,102406.437,91389.683,89908.20777777777,89364.05374999999,93130.68272727272,94916.40916666668,1,8,1,7
340,2026/1/13,91296.2,96495,91042.66,95414,23021.51482,00:00.0,2149770801.117704,5025071,12405.23056,1159067162.248983,90911.164,89799.22050000001,91568.54000000001,89911.31368421053,89689.06714285715,90060.53833333333,90986.66333333333,91381.1357142857,91690.9575,91673.04333333333,91425.50272727273,86420,86655.08,86655.08,90128.44,91296.2,5452.3399999999965,5198.800000000003,253.5399999999936,5452.3399999999965,2294.4957142857143,2535.2187984288416,5.972143418893664,0.42212733126465607,0.45245727995728224,102406.437,91389.683,89908.20777777777,89364.05374999999,93130.68272727272,94916.40916666668,1,9,1,8
341,2026/1/14,95413.99,97924.49,94559.28,96951.78,22851.89428,00:00.0,2201535821.648615,5346212,11974.98829,1154415462.597303,91773.96599999999,90186.448,92047.139,90342.29947368421,90066.59095238095,90507.45166666666,91661.63666666666,91619.14,91885.24375,92104.6288888889,91918.12727272727,86655.08,86655.08,86806.5,90128.44,95414,3365.2100000000064,2510.4900000000052,854.7200000000012,3365.2100000000064,2395.5821428571435,2594.5038842553536,3.52695621187667,-0.007367914,0.5809793937391999,102406.437,91389.683,89908.20777777777,89364.05374999999,93130.68272727272,94916.40916666668,1,10,1,9
342,2026/1/15,96951.78,97193.34,95134.48,95604.8,21725.81369,00:00.0,2093008182.8437333,4493095,10841.32767,1045103063.1114848,93036.06599999999,90672.7735,92589.34400000001,90846.62684210525,90508.60666666666,91011.60555555555,92636.935,92417.37142857142,92285.72,92448.19222222222,92493.01545454546,86655.08,86806.5,86806.5,90128.44,96951.78,2058.8600000000006,241.55999999999767,1817.300000000003,2058.8600000000006,2444.8564285714288,2556.2436068085426,2.1235917483928617,-0.049277341,0.4184210754159199,102406.437,91389.683,89908.20777777777,89364.05374999999,93130.68272727272,94916.40916666668,1,11,1,10
343,2026/1/16,95604.81,95871.47,94293.46,95550.94,11167.7146,00:00.0,1064019408.0772514,2971559,5055.06952,481723178.0814679,94056.086,91084.5355,92763.85299999999,91253.35263157896,90907.6319047619,91436.72166666666,93464.18833333334,93060.91571428571,92815.79999999999,92654.50666666665,92863.47636363636,86806.5,86806.5,86806.5,91042.66,95604.8,1578.0099999999948,266.66999999999825,1311.3399999999965,1578.0099999999948,2373.1478571428574,2486.369777750789,1.6505552022492538,-0.485970249,0.3687278123589304,102406.437,91389.683,89908.20777777777,89364.05374999999,93130.68272727272,94916.40916666668,1,12,1,11
344,2026/1/17,95550.94,95639.45,95021.67,95147.77,4280.80137,00:00.0,408161941.6719079,1020527,2059.85283,196399075.9709701,94963.54400000001,91468.232,92944.15,91653.2594736842,91297.22142857143,91898.6,94305.22833333333,93762.2957142857,93372.16875,93119.70444444445,93017.22454545455,86806.5,86806.5,86845.66,94293.46,95550.94,617.7799999999988,88.50999999999476,529.2700000000041,617.7799999999988,2315.335714285714,2352.8990793400185,0.6465451831243092,-0.616680626,0.30461119572962014,102406.437,91389.683,89908.20777777777,89364.05374999999,93130.68272727272,94916.40916666668,1,13,1,12
345,2026/1/18,95147.77,95531.12,93615.4,93673.14,6895.17819,00:00.0,654773743.2677119,1488785,3107.35604,295217762.8212793,95733.85800000001,91827.98500000002,93322.511,92069.60894736843,91643.4480952381,92268.72666666667,94994.24833333334,94425.59142857142,93935.48000000001,93569.45777777779,93144.4790909091,86806.5,86845.66,87250,94293.46,95147.77,1915.7200000000012,383.34999999999127,1532.37000000001,1915.7200000000012,2367.7442857142855,2321.6720022443033,2.0134155535121856,0.6107213565949685,0.13908573972247934,102406.437,91389.683,89908.20777777777,89364.05374999999,93130.68272727272,94916.40916666668,1,14,1,13
346,2026/1/19,93673.14,93673.14,91910.2,92631,14295.52747,00:00.0,1326770336.049047,3359066,6906.84245,640981004.8958122,95385.686,92149.7855,93579.826,92342.64315789474,91915.84952380953,92603.44444444444,95390.40500000001,94805.51857142858,94331.535,93906.33111111111,93354.38636363637,86845.66,87250,87550.43,93615.4,93673.14,1762.9400000000023,0,1762.9400000000023,1762.9400000000023,2259.7921428571426,2281.7625735125675,1.8820122822828425,1.0732643995673157,0.08700143809290431,101677.77649999999,90284.701,89842.8411111111,90219.44625,91597.27,93175.8875,1,15,1,14
347,2026/1/20,92630.99,92870,87895.98,88427.66,22007.3261,00:00.0,1989676668.5941784,6064031,9629.19624,870936424.1390942,94521.53,92357.061,93778.798,92604.8947368421,92172.70047619047,92814.1088888889,94926.57166666667,94996.20428571428,94533.70375,94142.58666666666,93493.56909090909,87250,87550.43,88379.88,91910.2,92631,4974.020000000004,239,4735.020000000004,4974.020000000004,2387.8292857142856,2474.0666754045274,5.3697142425322015,0.5394553398735134,0.2920924956914517,101677.77649999999,90284.701,89842.8411111111,90219.44625,91597.27,93175.8875,1,16,1,15
348,2026/1/21,88427.66,90574,87263.53,89454.73,20617.50372,00:00.0,1837708115.3597035,6419053,10265.21302,915531751.0822006,93086.102,92396.033,93571.094,92583.24315789474,92169.94666666666,92727.02722222223,93505.88500000001,93998.1557142857,94175.13625,93855.25444444445,93292.3309090909,87550.43,87895.98,87895.98,87895.98,88427.66,3310.470000000001,2146.3399999999965,1164.1300000000047,3310.470000000001,2404.8307142857147,2533.80977001849,3.743704175820101,-0.063152714,0.11326732602781485,101677.77649999999,90284.701,89842.8411111111,90219.44625,91597.27,93175.8875,0,1,1,16
349,2026/1/22,89454.73,90359.99,88515.37,89559.67,10825.50492,00:00.0,969910623.3559886,3743412,5529.54766,495598490.52278966,91866.86,92426.8175,93415.202,92554.80105263158,92255.97095238096,92661.845,92480.87333333334,92927.14857142858,93430.22750000001,93650.64666666667,93196.87909090909,87263.53,87263.53,87263.53,87263.53,89454.73,1844.62000000001,905.2600000000093,939.3600000000006,1844.62000000001,2366.8042857142864,2484.581929302884,2.062070949182911,-0.474936197,0.09224301583969126,101677.77649999999,90284.701,89842.8411111111,90219.44625,91597.27,93175.8875,0,2,0,1
350,2026/1/23,89559.68,91224.99,88578.36,89600.26,13918.48919,00:00.0,1248772265.678843,4619907,6911.17668,620204414.132354,90749.24,92405.0445,93241.549,92498.57263157894,92290.28666666667,92552.39722222222,91482.32833333332,92063.55857142857,92506.21375,93000.16555555555,93064.69909090908,87263.53,87263.53,87263.53,87263.53,89559.67,2646.6300000000047,1665.320000000007,981.3099999999977,2646.6300000000047,2385.285714285715,2496.156791495536,2.955158276040996,0.28571270281220307,0.06394322491240163,101677.77649999999,90284.701,89842.8411111111,90219.44625,91597.27,93175.8875,0,3,0,2
351,2026/1/24,89600.26,89957.39,89162.08,89225.34,4226.56737,00:00.0,378464146.0918812,959854,1835.96939,164401193.4396937,89934.664,92353.657,92660.175,92397.02157894736,92271.48333333334,92315.7611111111,90557.74333333333,91213.46142857142,91755.64625,92183.33,92910.52272727272,87263.53,87263.53,87263.53,87263.53,89600.26,795.3099999999977,357.13000000000466,438.179999999993,795.3099999999977,2411.5221428571435,2374.66773496014,0.8876201921735469,-0.696334328,0.07744910017236366,101677.77649999999,90284.701,89842.8411111111,90219.44625,91597.27,93175.8875,0,4,0,3
352,2026/1/25,89225.34,89319.13,86074.72,86670.36,14426.22019,00:00.0,1264233689.841581,3720178,6269.27657,549304584.5673953,89253.532,92238.4375,91887.53099999999,92153.10736842106,92204.68952380952,92064.5038888889,89816.44333333331,90367.40000000001,90964.94625,91474.50111111111,92347.91727272727,87263.53,87263.53,87263.53,88515.37,89225.34,3244.4100000000035,93.79000000000815,3150.6199999999953,3244.4100000000035,2568.4164285714296,2436.7921824629875,3.636197967976366,2.4132237646078267,0.23395359485032965,101677.77649999999,90284.701,89842.8411111111,90219.44625,91597.27,93175.8875,0,5,0,4
353,2026/1/26,86670.36,88860,86509.63,88347.08,17766.51453,00:00.0,1560135758.989215,4798083,9428.94206,827914390.6949898,88902.072,91878.97,90994.087,91780.60157894736,91973.29095238095,91803.7372222222,88823.00333333334,89367.00285714286,89905.26999999999,90487.76999999999,91413.24272727272,86074.72,86074.72,86074.72,86074.72,86670.36,2350.3699999999953,2189.6399999999994,160.72999999999593,2350.3699999999953,2565.4778571428583,2430.619169429917,2.7118498180923623,0.2315432799449042,0.14775949800883614,100454.4275,89525.593,89825.10333333333,89758.24124999999,89956.12454545454,91186.69416666667,0,6,0,5
354,2026/1/27,88347.08,89523.16,87304.33,89250,13125.40425,00:00.0,1160026853.5895033,3787336,6722.86937,594388596.0572797,88680.54199999999,91608.9255,90273.701,91621.80789473685,91710.78476190477,91650.79777777777,88809.57333333332,88755.01428571428,89239.5125,89732.13777777778,90753.45000000001,86074.72,86074.72,86074.72,86074.72,88347.08,2218.8300000000017,1176.0800000000017,1042.75,2218.8300000000017,2334.5128571428586,2415.4913716134943,2.511492173821706,-0.261227956,0.36813098869784866,100454.4275,89525.593,89825.10333333333,89758.24124999999,89956.12454545454,91186.69416666667,0,7,0,6
355,2026/1/28,89249.99,90600,88833.65,89299.99,14332.18502,00:00.0,1283919840.851472,4385791,7015.44336,628761031.3151364,88618.60800000001,91503.2175,89683.924,91524.44,91496.59571428571,91573.50444444445,88775.45166666666,88872.49142857142,88816.8875,89240.67777777779,90180.63727272727,86074.72,86074.72,86074.72,86074.72,89250,1766.3500000000058,1350,416.3500000000058,1766.3500000000058,2220.308571428573,2369.124130783959,1.979103641456589,0.09194236969882286,0.5015511675539523,100454.4275,89525.593,89825.10333333333,89758.24124999999,89956.12454545454,91186.69416666667,0,8,0,7
356,2026/1/29,89300,89348,83383.33,84650.16,30431.38201,00:00.0,2610381587.910004,5598749,12385.58906,1062920384.0760188,88558.554,91413.2175,89246.609,91453.8457894737,91398.3019047619,91506.5761111111,88732.17166666668,88850.3857142857,88925.92875,88870.56555555557,89649.0209090909,86074.72,86074.72,86074.72,86509.63,89299.99,5964.669999999998,48.00999999999476,5916.6600000000035,5964.669999999998,2499.2950000000014,2625.948835727962,6.679362450096576,1.1232897822302883,0.590257070655048,100454.4275,89525.593,89825.10333333333,89758.24124999999,89956.12454545454,91186.69416666667,1,1,0,8
357,2026/1/30,84650.16,84735.75,81118,84260.49,35195.84793,00:00.0,2918624066.481832,8998829,16749.59784,1389486785.106681,87643.51800000001,91113.6615,88448.525,91145.71210526316,91091.16714285714,91153.0488888889,87907.15499999998,88149.02714285713,88325.3575,88450.84333333332,88828.75,83383.33,83383.33,83383.33,83383.33,84650.16,3617.75,85.58999999999651,3532.1600000000035,3617.75,2644.990714285716,2696.7917760331075,4.273766287033598,0.1565642309124955,0.5975392314646658,100454.4275,89525.593,89825.10333333333,89758.24124999999,89956.12454545454,91186.69416666667,1,2,1,1
358,2026/1/31,84260.5,84270.02,75719.9,78741.09,39491.89133,00:00.0,3155264093.623044,7384976,17959.61358,1435120245.9826963,87161.544,90801.451,88031.808,90790.28263157894,90787.31999999999,90762.17611111113,87079.68000000001,87386.20285714285,87662.96,87873.70555555557,88067.79454545454,81118,81118,81118,81118,84260.49,8550.12000000001,9.529999999998836,8540.590000000011,8550.12000000001,3211.586428571431,3114.8866491736003,10.147246948124808,0.1220610854025812,0.6832945041340467,100454.4275,89525.593,89825.10333333333,89758.24124999999,89956.12454545454,91186.69416666667,1,3,1,2
359,2026/2/1,78741.1,79424,75700,76968.21,25395.48168,00:00.0,1974920557.0473864,8001906,12031.74392,936095742.7402172,85240.346,90187.823,86960.444,90129.48736842105,90227.1480952381,89835.90333333334,85758.13500000001,85888.45285714285,86305.56375,86671.64111111111,87187.19727272728,75719.9,75719.9,75719.9,75719.9,78741.09,3724,682.9100000000035,3041.0899999999965,3724,3340.7492857142884,3158.3947456612004,4.729423989431694,-0.356944405,0.6871801390324123,100454.4275,89525.593,89825.10333333333,89758.24124999999,89956.12454545454,91186.69416666667,1,4,1,3
360,2026/2/2,76968.22,79360,74604,78738.61,42273.59016,00:00.0,3260752444.461329,10085578,21480.45115,1658977441.2234404,82783.988,89471.4235,85701.298,89158.65631578947,89558.31761904762,88725.705,83861.65666666666,84502.43142857144,84773.4225,85268.08,86052.05909090908,75700,75700,75700,75700,76968.21,4756,2391.7899999999936,2364.2100000000064,4756,3554.539285714288,3272.509406685401,6.179174492949751,0.6646106851870508,0.5548599808685903,98539.4375,88539.414,88337.12666666665,88079.85375000001,88384.01272727273,88873.79833333334,1,5,1,4
361,2026/2/3,78738.6,79186.81,72945.5,75770.21,39120.10889,00:00.0,2986903008.574792,9199445,17304.88253,1324119396.4360397,80671.712,88637.65400000001,84615.133,88200.06842105264,88960.33714285714,87788.69444444444,82109.75833333335,83129.79285714286,83781.95375000002,84102.88777777778,85068.32636363637,74604,74604,74604,74604,78738.61,6241.309999999998,448.1999999999971,5793.110000000001,6241.309999999998,3645.0600000000018,3484.566591922158,7.926619481852675,-0.074596959,0.5317650805305233,98539.4375,88539.414,88337.12666666665,88079.85375000001,88384.01272727273,88873.79833333334,1,6,1,5
362,2026/2/4,75770.21,76971.52,71888,73165.83,38375.36,00:00.0,2852834631.5391464,10724002,17274.35569,1284664768.8290725,78895.72200000001,87578.5755,83269.62000000001,87156.14263157894,88024.91857142857,86689.765,79854.795,81204.10857142857,82209.845,82891.76000000001,83811.04909090909,72945.5,72945.5,72945.5,72945.5,75770.21,5083.520000000004,1201.3099999999977,3882.2100000000064,5083.520000000004,3771.7064285714305,3598.777549642004,6.709127505387675,-0.019037495,0.6418001246647396,98539.4375,88539.414,88337.12666666665,88079.85375000001,88384.01272727273,88873.79833333334,1,7,1,6
363,2026/2/5,73165.84,73341.18,62345,62909.86,106298.829,00:00.0,7198745594.280694,15364010,49042.65006,3325749503.03324,76676.79,86456.62700000001,81919.167,85977.97894736842,86892.25428571428,85468.54611111112,77940.74,78899.22857142857,80199.32375,81204.95444444445,82351.09363636364,71888,71888,71888,71888,73165.83,10996.179999999993,175.34999999999127,10820.830000000002,10996.179999999993,4425.389285714286,4127.163438953289,15.029119467379775,1.7699760729280452,0.7500428498452061,98539.4375,88539.414,88337.12666666665,88079.85375000001,88384.01272727273,88873.79833333334,1,8,1,7
364,2026/2/6,62909.87,71751.33,60000,70580.26,92539.21531,00:00.0,6134056670.6115055,13228528,49477.51198,3288426149.280688,73510.54400000001,84824.573,79375.44499999999,84281.24684210526,85335.35238095239,83759.47499999999,74382.30166666667,75793.47142857143,76900.5575,78278.27222222224,80191.04818181819,62345,62345,62345,62345,62909.86,11751.330000000002,8841.470000000001,2909.8600000000006,11751.330000000002,5075.725,4671.74676474234,18.67963145999689,-0.129442759,0.4406770393360003,98539.4375,88539.414,88337.12666666665,88079.85375000001,88384.01272727273,88873.79833333334,1,9,1,8
365,2026/2/7,70580.26,71690.07,67300,69289.38,44255.48036,00:00.0,3058983879.0691524,7167427,18766.22233,1298989823.4294407,72232.954,83596.1975,77508.47099999999,83065.83210526317,84146.27238095237,82534.43388888887,73022.16333333333,73839.15285714286,75141.81999999999,76198.30222222222,78575.88272727272,60000,60000,60000,60000,70580.26,4390.070000000007,1109.8100000000122,3280.2599999999948,4390.070000000007,5332.493571428573,4651.626995832174,6.219968586117432,-0.521765122,0.4523003247510932,98539.4375,88539.414,88337.12666666665,88079.85375000001,88384.01272727273,88873.79833333334,1,10,1,9
366,2026/2/8,69289.37,72271.41,68888,70330.38,21420.53168,00:00.0,1510003758.652842,4870449,11435.75238,805898867.2818197,70343.10800000001,82377.0095,75507.41,81837.32578947369,82914.92047619047,81471.19611111112,71742.35833333334,72488.90857142858,73270.43125,74491.5488888889,76761.2809090909,60000,60000,60000,60000,69289.38,3383.4100000000035,2982.029999999999,401.38000000000466,3383.4100000000035,5342.4221428571445,4561.040067558447,4.8830138182792275,-0.515980134,0.38390248395069887,98539.4375,88539.414,88337.12666666665,88079.85375000001,88384.01272727273,88873.79833333334,1,11,1,10
367,2026/2/9,70330.38,71453.53,68308,70138,29152.72842,00:00.0,2038959539.4209776,6644769,13854.63486,969001616.6829728,69255.14199999999,81261.9785,74075.432,80884.83736842105,81803.36047619049,80408.73222222221,70340.98666666668,71540.64714285715,72219.0925,72943.75888888889,75036.7709090909,60000,60000,60000,60000,70330.38,3145.529999999999,1123.1499999999942,2022.3800000000047,3145.529999999999,5399.219285714287,4459.932205589987,4.472505338375818,0.36097128005554713,0.44327519261890225,96294.342,86536.452,86107.69,85849.63,86884.04727272727,86879.54333333333,1,12,1,11
368,2026/2/10,70138,70527.59,67800,68841.29,20373.77072,00:00.0,1408623623.3599253,4558658,9237.21056,638739950.2535255,68649.576,80347.4955,72663.18299999999,79868.16736842105,80732.26523809523,79329.75055555555,69402.285,70311.98857142858,71365.31625,71987.86,73717.48363636363,60000,60000,60000,67300,70138,2727.5899999999965,389.5899999999965,2338,2727.5899999999965,5435.5592857142865,4336.1934766192735,3.888890473067377,-0.301136743,0.492104728241317,96294.342,86536.452,86107.69,85849.63,86884.04727272727,86879.54333333333,1,13,1,12
369,2026/2/11,68841.28,69292.88,65756,67082.52,28718.24602,00:00.0,1930513947.5441144,6956577,14335.50997,963903748.2694871,69835.862,79316.82350000001,71673.20300000001,78777.72631578948,79799.58095238096,78176.47444444445,68681.52833333334,69322.14285714286,70128.15125,71084.8688888889,72315.73818181817,60000,60000,60000,67800,68841.29,3536.8800000000047,451.59000000001106,3085.2899999999936,3536.8800000000047,5562.025714285715,4279.099656860754,5.1377305683841845,0.40956951045927936,0.5145187462931065,96294.342,86536.452,86107.69,85849.63,86884.04727272727,86879.54333333333,1,14,1,13
370,2026/2/12,67082.52,68410.52,65118,66272.17,24271.74283,00:00.0,1622162145.3342066,6778280,12101.72511,809418852.0733618,69136.31400000001,78192.966,70684.634,77592.58210526317,78734.23761904764,76946.31777777777,69376.97166666666,68453.09857142858,69042.19,69789.74777777778,71255.86818181818,60000,60000,60000,65756,67082.52,3292.520000000004,1328,1964.520000000004,3292.520000000004,5371.157857142859,4208.629681370701,4.9081638555021545,-0.15483199,0.46713897430163204,96294.342,86536.452,86107.69,85849.63,86884.04727272727,86879.54333333333,1,15,1,14
371,2026/2/13,66272.17,69482.97,65872.46,68853.96,20244.54955,00:00.0,1371286022.3300548,6450842,10425.24887,706766540.6168541,68532.872,77026.5615,69437.98999999999,76384.52052631578,77625.30904761904,75813.085,68658.95666666667,68933.42857142857,68180.4825,68734.40999999999,70283.50090909092,60000,60000,60000,65118,66272.17,3610.5099999999948,3210.800000000003,399.70999999999185,3610.5099999999948,5370.640714285715,4165.90684698708,5.448003287050952,-0.165921059,0.3709403759017986,96294.342,86536.452,86107.69,85849.63,86884.04727272727,86879.54333333333,1,16,1,15
372,2026/2/14,68853.97,70560.01,68730.13,69822.95,18114.78393,00:00.0,1260259314.3600264,3803163,7857.93423,546756073.2649412,68237.58799999999,76007.99250000001,68746.365,75446.8152631579,76637.39,74730.1338888889,68586.38666666667,68686.81428571428,68923.495,68255.31333333334,69384.89636363636,60000,60000,60000,65118,68853.96,1829.87999999999,1706.0499999999884,123.83000000000175,1829.87999999999,4890.623571428571,3999.047786488002,2.6576249209195666,-0.105201927,0.2411396495174199,96294.342,86536.452,86107.69,85849.63,86884.04727272727,86879.54333333333,1,17,1,16
373,2026/2/15,69822.94,70983,68000,68832.58,22290.05208,00:00.0,1545094572.1368144,4598633,8861.59262,615733099.1208996,68174.578,75165.622,68412.077,74471.86105263159,75713.46666666667,73650.85333333333,68501.815,68763.03857142857,68828.83125,69023.43444444444,68844.23636363636,60000,60000,60000,65118,69822.95,2983,1160.050000000003,1822.949999999997,2983,4837.695,3926.472944596002,4.272234272542194,0.23048953639934466,0.22473625575568276,96294.342,86536.452,86107.69,85849.63,86884.04727272727,86879.54333333333,1,18,1,17
374,2026/2/16,68832.59,70126.67,67294.11,68892.43,15515.76534,00:00.0,1062797918.2535973,5233849,8153.4314,558909191.7674918,68172.836,74189.897,69004.349,73397.26,74864.04857142858,72513.77500000001,68284.245,68549.06714285715,68771.73125,68829.24777777778,68450.30454545455,60000,60000,60000,65872.46,68832.58,2832.5599999999977,1294.0899999999965,1538.4700000000012,2832.5599999999977,4700.306428571428,3848.3363056962876,4.115144311022481,-0.30391525,0.28547728284863083,94127.7735,84380.17899999999,83958.84666666666,83371.345,84927.0090909091,85379.75833333335,1,19,1,18
375,2026/2/17,68892.43,69241.5,66621.06,67503.52,16489.06921,00:00.0,1117987651.294812,5994853,7538.45107,511426190.89324033,68534.818,73172.01849999999,68835.566,72323.17789473683,73937.63666666666,71638.34555555556,68292.76833333333,68371.12857142856,68591.98749999999,68785.14222222223,68994.17454545455,60000,60000,60000,67294.11,68892.43,2620.4400000000023,349.070000000007,2271.3699999999953,2620.4400000000023,4441.672857142857,3760.6294267179815,3.803668995272779,0.06272999421374337,0.25118509909368514,94127.7735,84380.17899999999,83958.84666666666,83371.345,84927.0090909091,85379.75833333335,1,20,1,19
376,2026/2/18,67503.52,68476.22,65870,66461,15492.43839,00:00.0,1040493524.6521236,4548997,7895.05707,530458178.1385649,68781.088,72082.19499999999,68656.98000000001,71420.72315789474,72902.09,70707.40277777778,68362.935,68180.01857142858,68262.67749999999,68471.04666666668,68714.47090909092,60000,60000,60000,66621.06,67503.52,2606.220000000001,972.6999999999971,1633.520000000004,2606.220000000001,4264.722857142857,3678.17161052384,3.8608653296894753,-0.060441909,0.2138777481434867,94127.7735,84380.17899999999,83958.84666666666,83371.345,84927.0090909091,85379.75833333335,1,21,1,20
377,2026/2/19,66461,67320,65631.83,67003.73,14542.26988,00:00.0,968863572.7821528,4679351,7106.70741,473456223.0721072,68302.496,71172.737,68270.042,70483.90789473684,71814.51904761905,70025.17555555556,68394.40666666666,68091.23,67965.14125,68062.49111111111,68457.34545454546,60000,60000,60000,65870,66461,1688.1699999999983,859,829.1699999999983,1688.1699999999983,3599.8650000000002,3536.028638343566,2.54009118129429,-0.061331114,0.18921872002912368,94127.7735,84380.17899999999,83958.84666666666,83371.345,84927.0090909091,85379.75833333335,0,1,1,21
378,2026/2/20,67003.73,68318.39,66280.2,68020.01,35351.87091,00:00.0,2378079150.567848,5044912,15001.46034,1010970043.1452411,67738.652,70309.899,67956.615,69866.15210526316,70974.21285714286,69471.59333333334,68086.03499999999,68195.73857142856,67955.2925,67858.31777777777,68154.92272727273,60000,60000,60000,65631.83,67003.73,2038.1900000000023,1314.6600000000035,723.5299999999988,2038.1900000000023,2906.069285714286,3429.0401641761687,3.0419052790046206,1.430973376351615,0.170893760517003,94127.7735,84380.17899999999,83958.84666666666,83371.345,84927.0090909091,85379.75833333335,0,2,0,1
379,2026/2/21,68020,68698.7,67534.69,67975.93,8032.84131,00:00.0,547592078.8471988,1593539,4003.46206,272919692.67728,67576.138,69773.845,67874.487,69395.19421052632,70200.85666666666,68876.11555555556,67785.545,68076.60285714285,68173.77249999999,67962.48333333334,67962.37818181819,60000,60000,60000,65631.83,68020.01,1164.0099999999948,678.6900000000023,485.31999999999243,1164.0099999999948,2675.6364285714276,3267.252295306442,1.7112758436818736,-0.772774648,0.09562983764508345,94127.7735,84380.17899999999,83958.84666666666,83371.345,84927.0090909091,85379.75833333335,0,3,0,2
380,2026/2/22,67975.93,68245,67190,67643.4,8175.13484,00:00.0,553613335.5774136,2160900,3974.29287,269081093.6109383,67392.838,69324.231,67963.828,68828.73736842105,69688.23,68443.1,67642.76999999999,67812.74285714286,68064.01875,68151.79,67883.70909090909,60000,60000,60000,65631.83,67975.93,1055,269.070000000007,785.929999999993,1055,2509.3214285714275,3109.234274213125,1.5520199576526574,0.01771397249225637,0.20627409555758533,94127.7735,84380.17899999999,83958.84666666666,83371.345,84927.0090909091,85379.75833333335,0,4,0,3
381,2026/2/23,67643.39,67684.86,63888.79,64656.02,33075.90923,00:00.0,2158158656.1215167,8268695,16388.63858,1069328860.0589623,67420.81399999998,68769.4705,68100.951,68401.01052631579,69244.19142857143,68136.29833333332,67434.59833333333,67642.86,67791.575,68017.28333333333,67934.69818181818,60000,60000,60000,66280.2,67643.4,3796.0699999999997,41.4600000000064,3754.6099999999933,3796.0699999999997,2555.7885714285703,3158.2939689121877,5.61188526892498,3.045916046321751,0.34649452698435823,91335.82800000001,82327.302,81623.79555555555,80832.68125000001,82858.65363636364,83486.70833333333,0,5,0,4
382,2026/2/24,64656.01,65026.75,62510.28,64058.15,23102.83622,00:00.0,1469512159.7199352,7553629,11150.61026,709235431.9176984,67059.818,68213.761,67681.15699999999,67953.12578947368,68573.59190476191,68233.30722222223,66960.015,67037.65857142858,67269.50499999999,67443.18,67787.77545454545,60000,60000,60000,63888.79,64656.02,2516.470000000001,370.7300000000032,2145.739999999998,2516.470000000001,2540.708571428571,3112.4493997041745,3.892089243971406,-0.301520752,0.31629461422158894,91335.82800000001,82327.302,81623.79555555555,80832.68125000001,82858.65363636364,83486.70833333333,0,6,0,5
383,2026/2/25,64058.15,69988.83,63913.27,67988.04,30749.99259,00:00.0,2064089702.8444352,7096715,16382.91985,1098904977.008272,66470.702,67758.37700000001,67104.677,68013.56210526316,68015.87476190475,67870.96777777778,66559.54,66545.46285714286,66665.22,66912.68777777777,67351.79272727272,60000,60000,62510.28,62510.28,64058.15,6075.560000000005,5930.68,144.88000000000466,6075.560000000005,2722.0428571428565,3324.1001568681622,9.48444499255755,0.3310050894694867,0.05236174895362475,91335.82800000001,82327.302,81623.79555555555,80832.68125000001,82858.65363636364,83486.70833333333,0,7,0,6
384,2026/2/26,67988.04,68860,66500,67485.18,20737.77792,00:00.0,1404774665.564561,5426137,10172.50047,689304052.4530671,66464.30799999999,68012.286,67020.22299999998,67877.12947368421,67769.31333333334,67798.6711111111,66723.59166666666,66763.61142857143,66725.78499999999,66812.2,67184.98272727273,60000,62510.28,62510.28,62510.28,67988.04,2360,871.9600000000064,1488.0399999999936,2360,2655.4342857142847,3255.2358599490076,3.471198757899184,-0.325600556,0.07141212936493672,91335.82800000001,82327.302,81623.79555555555,80832.68125000001,82858.65363636364,83486.70833333333,0,8,0,7
385,2026/2/27,67485.19,68216.8,64914.46,65872.1,21228.58424,00:00.0,1412033823.5619729,3856064,10107.20917,671986242.524662,66366.158,67857.53199999999,66879.49799999999,67782.17157894735,67987.1857142857,67640.60444444446,66634.45333333332,66832.39,66853.8075,66810.16222222222,67062.49181818182,62510.28,62510.28,62510.28,62510.28,67485.18,3302.340000000004,731.6200000000099,2570.719999999994,3302.340000000004,2633.4221428571427,3258.6004413812216,4.893429935283574,0.023667257017284227,0.18616449422926343,91335.82800000001,82327.302,81623.79555555555,80832.68125000001,82858.65363636364,83486.70833333333,0,9,0,8
386,2026/2/28,65872.09,67760,63030,66973.26,22548.71649,00:00.0,1462864408.2615664,5268514,11531.10802,748190390.4323822,66011.898,67686.668,66716.356,67547.52526315789,67762.98761904762,67403.61,66283.815,66525.5457142857,66712.35375,66744.72888888889,66787.91636363637,62510.28,62510.28,62510.28,63913.27,65872.1,4730,1887.8999999999942,2842.100000000006,4730,2840.573571428572,3363.7004098539915,7.1805817637512686,0.0621865422147434,0.1764567469847846,91335.82800000001,82327.302,81623.79555555555,80832.68125000001,82858.65363636364,83486.70833333333,0,10,0,9
387,2026/3/1,66973.26,68199.99,65056,65776.47,23201.85859,00:00.0,1545783742.9062,5312013,11209.77201,747161922.8484616,66475.34599999999,67518.812,66767.582,67380.96,67652.6961904762,67299.83055555556,66172.125,66382.30714285714,66581.51,66741.34333333332,66739.7109090909,62510.28,62510.28,62510.28,63030,66973.26,3143.9900000000052,1226.7300000000105,1917.2599999999948,3143.9900000000052,2852.072857142858,3348.0068091501353,4.694395942500044,0.028965821637327194,0.18685027387608924,91335.82800000001,82327.302,81623.79555555555,80832.68125000001,82858.65363636364,83486.70833333333,0,11,0,10
388,2026/3/2,65776.48,70096,65259.21,68830.06,32010.38431,00:00.0,2164578841.845917,8397526,15335.91369,1037871544.5481504,66819.00999999998,67300.7355,66644.856,67219.65368421053,67435.84333333334,67227.27222222222,66358.86666666667,66115.60285714285,66306.5775,66492.0611111111,66677.4809090909,62510.28,62510.28,62510.28,63030,65776.47,4836.790000000001,4319.529999999999,517.260000000002,4836.790000000001,2995.232142857144,3454.3484656394116,7.3533742385384935,0.37964741858208195,0.0032233107851432764,88876.7115,80039.063,79159.7688888889,77613.52375,80822.68090909091,81435.13833333334,0,12,0,11
389,2026/3/3,68830.06,69258.08,66158,68338,24972.2418,00:00.0,1691848669.9430182,7648119,12331.622,835461016.0946944,66987.41399999999,67300.174,66725.861,67311.62947368421,67373.56047619048,67369.37722222222,67154.185,66711.89428571428,66454.91,66586.96444444444,66843.51090909091,62510.28,62510.28,62510.28,63030,68830.06,3100.0800000000017,428.0200000000041,2672.0599999999977,3100.0800000000017,3029.492142857144,3429.043575236597,4.503962367605087,-0.219870603,0.045222356257718116,88876.7115,80039.063,79159.7688888889,77613.52375,80822.68090909091,81435.13833333334,0,13,0,12
390,2026/3/4,68338.01,74050,67400,72666.77,44919.0761,00:00.0,3202864447.6324606,8618302,23641.35243,1685099057.930178,67157.978,67362.948,66762.068,67420.35736842106,67349.59428571428,67340.71277777776,67212.51166666667,67323.30142857143,66915.1575,66664.14222222223,66872.41909090908,62510.28,62510.28,62510.28,65056,68338,6650,5712,938,6650,3318.333571428572,3659.111891291126,9.731042758055548,0.7987602578796109,0.2854662135959433,88876.7115,80039.063,79159.7688888889,77613.52375,80822.68090909091,81435.13833333334,0,14,0,13
391,2026/3/5,72666.77,73558.15,70645.47,70890.72,26590.51253,00:00.0,1917514690.387834,6709160,12299.51467,886773462.4727771,68516.912,67682.678,67264.405,67621.03157894737,67615.51095238095,67498.70277777777,68076.11,67991.69142857143,67991.235,67554.22555555555,67298.8590909091,62510.28,62510.28,62510.28,65259.21,72666.77,2912.679999999993,891.3799999999901,2021.300000000003,2912.679999999993,3405.798571428572,3605.795327627474,4.008269529524971,-0.408035186,0.16920268200210428,88876.7115,80039.063,79159.7688888889,77613.52375,80822.68090909091,81435.13833333334,0,15,0,14
392,2026/3/6,70891.02,71419.98,67744.78,68114.02,22629.88722,00:00.0,1574601198.874888,5302899,10464.09351,728091757.7822126,69300.40400000001,67784.516,67887.875,67677.23,67835.4419047619,67613.04388888887,68912.54666666666,68478.19714285714,68354.06999999999,68313.4,67594.07,62510.28,62510.28,62510.28,66158,70890.72,3675.199999999997,529.2599999999948,3145.9400000000023,3675.199999999997,3522.7278571428574,3610.752804225511,5.184317495999472,-0.148948814,0.0038010238222010145,88876.7115,80039.063,79159.7688888889,77613.52375,80822.68090909091,81435.13833333334,0,16,0,15
393,2026/3/7,68114.02,68551.04,66915.26,67262.91,12719.54315,00:00.0,861729861.8530488,2067476,5910.76849,400477518.3566913,69767.91400000002,67699.06950000001,68293.462,67639.41105263158,67800.20666666667,67569.79888888888,69102.67333333334,68798.47142857143,68432.675,68327.39777777779,67908.43363636364,62510.28,62510.28,62510.28,67400,68114.02,1635.7799999999988,437.0199999999895,1198.7600000000093,1635.7799999999988,3556.4257142857145,3469.6833182094033,2.401532019399235,-0.43793166,0.027917950934685246,88876.7115,80039.063,79159.7688888889,77613.52375,80822.68090909091,81435.13833333334,0,17,0,16
394,2026/3/8,67262.91,68200,65618.49,65971.2,21593.63901,00:00.0,1447522160.3154545,3028392,11268.64926,755732359.1696719,69454.484,67620.586,68220.949,67553.64684210526,67678.3,67556.43166666667,69350.41333333333,68839.85,68606.52625,68302.7011111111,68199.77545454545,62510.28,62510.28,62510.28,66915.26,67262.91,2581.5099999999948,937.0899999999965,1644.4199999999983,2581.5099999999948,3665.462142857143,3406.2423669087316,3.837939809621669,0.697674103177204,0.06310422045794027,88876.7115,80039.063,79159.7688888889,77613.52375,80822.68090909091,81435.13833333334,0,18,0,17
395,2026/3/9,65971.2,69516.65,65821.97,68432.16,28896.7213,00:00.0,1967622051.44968,5093667,14101.45378,960195772.9159064,68981.12400000001,67474.5245,68069.551,67472.99842105263,67542.0438095238,67529.22055555556,68873.93666666666,68867.66857142857,68481.26875,68313.71222222222,68016.42636363638,62510.28,62510.28,62510.28,65618.49,65971.2,3694.679999999993,3545.449999999997,149.22999999999593,3694.679999999993,3658.22,3426.845054986679,5.600443830034914,0.3382052597349594,0.14538937187646048,86743.13249999999,77840.912,76319.93222222223,74483.2175,78760.16636363637,79585.0575,0,19,0,18
396,2026/3/10,68432.16,71777,68391.41,69948.63,32602.57726,00:00.0,2292525621.4405203,5176064,16453.82839,1157238967.1004455,68134.202,67520.9565,68325.557,67576.74368421054,67520.12619047619,67608.57777777777,68889.63,68810.8257142857,68813.23000000001,68475.81222222222,68102.51545454546,62510.28,62510.28,62510.28,65618.49,68432.16,3385.5899999999965,3344.8399999999965,40.75,3385.5899999999965,3720.2999999999993,3423.898265344773,4.947366852076563,0.12824485939171226,0.21904861069784234,86743.13249999999,77840.912,76319.93222222223,74483.2175,78760.16636363637,79585.0575,0,20,0,19
397,2026/3/11,69948.64,71321,68977.91,70191.86,27249.27542,00:00.0,1911300596.234168,4759855,14015.31615,982971805.5997224,67945.784,67695.338,68623.09400000001,67731.73842105262,67636.56,67715.72333333333,68436.60666666667,69040.91571428571,68953.05125,68939.38555555555,68473.1090909091,62510.28,62510.28,62510.28,65618.49,69948.63,2343.0899999999965,1372.3699999999953,970.7200000000012,2343.0899999999965,3453.694999999999,3346.697674963003,3.3497296516028925,-0.164198732,0.09497365601727331,86743.13249999999,77840.912,76319.93222222223,74483.2175,78760.16636363637,79585.0575,0,21,0,20
398,2026/3/12,70191.86,70800,69205.91,70541.34,21997.1605,00:00.0,1540745224.510106,4344059,10545.03396,738758111.8989178,68361.352,67854.7445,69064.633,67846.04631578948,67814.22,67838.83055555556,68320.13,68687.35714285714,69184.78375,69090.69666666667,68765.70909090909,62510.28,62510.28,62510.28,65821.97,70191.86,1594.0899999999965,608.1399999999994,985.9499999999971,1594.0899999999965,3398.9871428571414,3221.511412465645,2.2710468136903574,-0.192743287,0.13258161411393965,86743.13249999999,77840.912,76319.93222222223,74483.2175,78760.16636363637,79585.0575,0,22,0,21
399,2026/3/13,70541.34,73913.74,70386.01,70930,35996.61678,00:00.0,2591768526.296148,5312490,18310.3426,1319530652.9586313,69017.038,67980.811,69235.761,67981.06789473684,67982.67761904762,67999.82722222223,68724.68333333333,68637.44571428571,68919.10500000001,69335.51222222223,69198.87909090909,62510.28,62510.28,62510.28,68391.41,70541.34,3527.7300000000105,3372.4000000000087,155.33000000000175,3527.7300000000105,3415.0864285714274,3243.3841687180998,5.000939874405576,0.6364210635277219,0.23172952076204137,86743.13249999999,77840.912,76319.93222222223,74483.2175,78760.16636363637,79585.0575,0,23,0,22
400,2026/3/14,70930.01,71307.92,70317,71211.95,13017.24737,00:00.0,921308630.9462768,1661739,6242.10104,441895405.35856247,70008.798,68128.5145,69494.961,68154.04684210526,68121.24857142857,68348.38166666667,69335.86499999999,69039.72857142857,68924.015,69142.53777777779,69389.78272727273,62510.28,62510.28,62510.28,68977.91,70930,990.9199999999983,377.91999999999825,613,990.9199999999983,3148.0092857142845,3082.493870952521,1.3970393345551928,-0.63837581,0.2017700319836737,86743.13249999999,77840.912,76319.93222222223,74483.2175,78760.16636363637,79585.0575,0,24,0,23
401,2026/3/15,71211.95,73199,70858.82,72815.24,14037.30704,00:00.0,1007334955.2436514,2509013,7307.01776,524440519.7627765,70564.75600000001,68306.942,69349.47899999999,68499.0957894737,68275.34476190477,68745.815,70209.32333333333,69603.87714285715,69311.25624999999,69178.23,69651.0509090909,62510.28,62510.28,63030,69205.91,71211.95,2340.179999999993,1987.050000000003,353.1299999999901,2340.179999999993,3090.5942857142836,3029.471451598769,3.2862181136733275,0.07836216375136762,0.32869898846675344,86743.13249999999,77840.912,76319.93222222223,74483.2175,78760.16636363637,79585.0575,0,25,0,24
402,2026/3/16,72815.25,74909.08,72270.41,74884.67,28409.53019,00:00.0,2095859511.564864,5396482,15204.22255,1122045159.1994789,71138.07800000001,68714.903,69541.93100000001,68959.9952631579,68521.62285714287,69013.99277777778,70939.83666666667,70581.59714285714,70005.2975,69700.58777777778,69664.54818181819,62510.28,63030,63030,70317,72815.24,2638.6699999999983,2093.8399999999965,544.8300000000017,2638.6699999999983,2933.585714285712,3001.557062198857,3.6237880971071412,1.023859000094936,0.29636067189840337,84655.9245,75969.463,74297.88666666666,71875.98000000001,77384.03272727273,78264.75583333333,0,26,0,25
403,2026/3/17,74884.67,76000,73399.19,73909.36,24521.26636,00:00.0,1825976731.3326728,4863187,11791.2523,878396858.780886,72076.64,69256.229,70218.996,69322.97578947368,69008.70142857142,69425.07555555555,71762.51,71503.38428571429,71119.48125,70547.45000000001,70027.63454545454,63030,63030,63030,70317,74884.67,2600.8099999999977,1115.3300000000017,1485.479999999996,2600.8099999999977,2897.9235714285687,2972.9322720417954,3.473087348852572,-0.136864771,0.26640501273828743,84655.9245,75969.463,74297.88666666666,71875.98000000001,77384.03272727273,78264.75583333333,0,27,0,26
404,2026/3/18,73909.37,74672.34,70500,71246.54,23392.88093,00:00.0,1692949838.9777424,4733897,11709.17057,847905482.6972562,72750.24399999999,69552.295,70883.641,69661.0905263158,69477.80666666667,69871.59000000001,72382.09333333334,72069.20285714287,71804.13125,71429.46777777777,70554.48363636363,63030,63030,63030,70858.82,73909.36,4172.3399999999965,762.9799999999959,3409.3600000000006,4172.3399999999965,2720.9478571428544,3058.6042526102383,5.645211919031631,-0.046016605,0.07378902976381835,84655.9245,75969.463,74297.88666666666,71875.98000000001,77384.03272727273,78264.75583333333,0,28,0,27
405,2026/3/19,71246.55,71613.79,68793.35,69930,22364.81819,00:00.0,1566573949.8604124,4972526,10489.13676,734634623.2873883,72813.552,69740.363,71411.175,69943.95578947368,69632.97333333333,70108.99444444446,72499.62666666666,72219.87142857144,71966.37,71742.17666666668,70916.63181818182,63030,63030,65056,70500,71246.54,2820.439999999988,367.25,2453.189999999988,2820.439999999988,2714.3592857142826,3041.592520280935,3.958704520949351,-0.043947675,0.051135692257550415,84655.9245,75969.463,74297.88666666666,71875.98000000001,77384.03272727273,78264.75583333333,0,29,0,28
406,2026/3/20,69930.01,71367,69388,70510.73,18121.16745,00:00.0,1273812840.6886704,4369971,8801.41211,618781938.2268149,72557.162,69943.258,71560.959,70099.57368421053,69749.39333333334,70339.74611111112,72332.96,72132.53714285714,71933.6375,71740.10666666667,71276.52272727272,63030,65056,65259.21,68793.35,69930,1979,1437,542,1979,2593.2021428571397,2965.693054546582,2.82997282997283,-0.189746713,0.14445243371823768,84655.9245,75969.463,74297.88666666666,71875.98000000001,77384.03272727273,78264.75583333333,0,30,0,29
407,2026/3/21,70510.73,71100.94,68571.42,68918.12,13397.1675,00:00.0,942693882.026424,1640086,6379.69313,449156360.9341548,72096.26,70120.13149999999,71617.169,70348.7452631579,69970.28047619047,70433.11666666667,72216.09000000001,72072.64142857143,71929.81125,71775.53666666668,71465.48363636363,65056,65259.21,65618.49,68793.35,70510.73,2529.520000000004,590.2100000000064,1939.3099999999977,2529.520000000004,2657.0407142857116,2934.5378363646837,3.587425630113324,-0.260689603,0.09549367427455861,84655.9245,75969.463,74297.88666666666,71875.98000000001,77384.03272727273,78264.75583333333,0,31,0,30
408,2026/3/22,68918.12,69588.79,67360.66,67859,14843.78682,00:00.0,1018926475.3196974,3269152,7292.32333,500700088.25183487,70902.95,70277.214,71489.795,70353.38,70062.89285714286,70465.34555555556,71566.57,71744.95142857142,71678.32625,71595.17888888888,71371.8009090909,65259.21,65618.49,65618.49,68571.42,68918.12,2228.12999999999,670.6699999999983,1557.4599999999919,2228.12999999999,2631.7992857142826,2884.080133767206,3.2330104187403697,0.10797949044079647,0.11039378735242622,84655.9245,75969.463,74297.88666666666,71875.98000000001,77384.03272727273,78264.75583333333,0,32,0,31
409,2026/3/23,67859,71817.09,67445.18,70906.45,28335.09119,00:00.0,1980755169.231694,6509730,14640.9723,1022970775.4557816,69692.878,70228.661,71221.561,70328.1694736842,70162.06095238095,70198.24722222221,70395.625,71036.91714285714,71259.20749999999,71253.95666666667,71159.72272727272,65618.49,65618.49,65618.49,67360.66,67859,4371.9100000000035,3958.0899999999965,413.820000000007,4371.9100000000035,2680.172857142855,2990.353695640977,6.442638412001362,0.9088856188518073,0.13989243001525956,82521.8405,73653.99799999999,71429.64888888889,69524.56,75232.1481818182,76590.28,0,33,0,32
410,2026/3/24,70906.45,71400,68923.07,70556.74,20702.42244,00:00.0,1455361229.2099645,4191328,9731.85043,684254039.2949127,69624.86,70357.0835,71219.20599999999,70235.52105263158,70260.93666666666,70199.1211111111,69895.14,70468.6,71020.60875,71220.01222222223,71192.91454545454,65618.49,65618.49,65618.49,67360.66,70906.45,2476.929999999993,493.5500000000029,1983.37999999999,2476.929999999993,2615.268571428569,2953.680574523764,3.4932365109238908,-0.269371596,0.03680979738295987,82521.8405,73653.99799999999,71429.64888888889,69524.56,75232.1481818182,76590.28,0,34,0,33
411,2026/3/25,70556.74,72026.09,70408,71336.53,17719.50066,00:00.0,1261017988.5394323,3298902,8819.77787,627874982.8921664,69750.208,70251.582,71153.68500000001,70217.94315789473,70366.59095238095,70334.82777777777,69780.17333333334,69989.65428571428,70479.6175,70969.06777777777,71158.98181818183,65618.49,65618.49,65618.49,67360.66,70556.74,1618.0899999999965,1469.3499999999913,148.74000000000524,1618.0899999999965,2563.4828571428548,2858.2812477720663,2.293317406671562,-0.14408564,0.06710895128005921,82521.8405,73653.99799999999,71429.64888888889,69524.56,75232.1481818182,76590.28,0,35,0,34
412,2026/3/26,71336.53,71436.82,68153,68820.31,20820.45768,00:00.0,1447699734.3398392,3597702,10116.39467,703650001.5901196,69915.36799999999,70273.8725,71005.814,70387.54894736841,70303.24619047619,70561.13999999998,70014.595,70002.51,70158.01375,70574.83,71170.30727272727,65618.49,65618.49,65618.49,67445.18,71336.53,3283.820000000007,100.29000000000815,3183.529999999999,3283.820000000007,2684.1778571428554,2888.6768729312053,4.603279694148296,0.1750025059679079,0.08952679592767368,82521.8405,73653.99799999999,71429.64888888889,69524.56,75232.1481818182,76590.28,0,36,0,35
413,2026/3/27,68820.31,69179.05,65548.25,66407.28,28603.69557,00:00.0,1917318222.7099128,4159306,14568.62853,976680026.2656808,69895.80600000001,70309.187,70399.378,70469.51736842106,70204.65523809523,70719.42388888888,69732.85833333332,69843.98285714285,69854.735,70009.37999999999,70807.13181818182,65618.49,65618.49,65821.97,68153,68820.31,3630.800000000003,358.74000000000524,3272.0599999999977,3630.800000000003,2691.5399999999977,2941.6856677218334,5.275768156231791,0.37382645519250657,0.21285391566255077,82521.8405,73653.99799999999,71429.64888888889,69524.56,75232.1481818182,76590.28,0,37,0,36
414,2026/3/28,66407.28,67288.94,65932.09,66377.03,11462.39847,00:00.0,762676255.4470605,1687368,5753.04124,382921412.2238488,69605.462,70266.4055,69649.17,70492.46894736843,70123.3819047619,70606.93055555556,69314.38500000001,69257.77571428572,69414.39499999999,69471.68444444443,70036.46,65548.25,65548.25,65548.25,65548.25,66407.28,1356.8500000000058,881.6600000000035,475.1900000000023,1356.8500000000058,2717.6778571428554,2828.483120027417,2.0432247789700253,-0.599268618,0.23027485795105335,82521.8405,73653.99799999999,71429.64888888889,69524.56,75232.1481818182,76590.28,0,38,0,37
415,2026/3/29,66377.04,67130.5,65000,66010.93,10052.85584,00:00.0,667003517.6059871,2146177,4769.42832,316674097.3501869,68699.57800000001,70286.697,69162.219,70384.30421052632,70081.19714285714,70408.50833333333,69067.39,68894.76285714285,68897.6825,69076.90999999999,69351.70272727273,65548.25,65548.25,65548.25,65548.25,66377.03,2130.5,753.4700000000012,1377.0299999999988,2130.5,2702.7007142857133,2778.6271828826016,3.2096946790177263,-0.122971002,0.34436318234963914,82521.8405,73653.99799999999,71429.64888888889,69524.56,75232.1481818182,76590.28,0,39,0,38
416,2026/3/30,66010.93,68169.65,65800.59,66797.37,18353.38975,00:00.0,1234617690.8920753,3902849,9155.91893,615747978.8513808,67790.416,70165.6355,68770.312,70177.05684210527,70083.08904761905,70176.23444444445,68251.47,68630.75285714286,68534.28375,68576.93222222221,68875.73818181817,65000,65000,65000,65000,66010.93,2369.0599999999977,2158.720000000001,210.3399999999965,2369.0599999999977,2683.4428571428557,2749.3723841052724,3.5888905064661225,0.8256891416837424,0.43771636036113826,80586.239,70887.777,69134.15666666668,68154.9,72959.17363636364,74463.71333333333,0,40,0,39
417,2026/3/31,66797.38,68589.49,65998.05,68284.48,22105.40662,00:00.0,1490168487.4548745,4846820,10726.18262,723378692.7667619,66882.58399999999,70008.0725,68398.976,69998.3994736842,70005.2419047619,69968.23611111111,67624.90833333333,68043.74142857142,68401.58,68341.29333333332,68590.95363636363,65000,65000,65000,65000,66797.37,2591.4400000000023,1792.12000000001,799.3199999999924,2591.4400000000023,2682.7735714285704,2738.0914995263247,3.8795539405219133,0.20443182001297622,0.2962346586670392,80586.239,70887.777,69134.15666666668,68154.9,72959.17363636364,74463.71333333333,0,41,0,40
418,2026/4/1,68284.49,69310,67578.75,68113.92,19020.1899,00:00.0,1301708227.0745244,3741910,9702.49844,664126033.9269131,66775.418,69912.70349999999,68335.612,69879.61736842105,69925.99666666666,69821.26277777778,67116.23333333332,67719.13285714286,68073.83374999999,68388.56888888888,68388.56727272728,65000,65000,65000,65000,68284.48,1731.25,1025.520000000004,705.7299999999959,1731.25,2508.4099999999994,2666.174249560159,2.535349174512276,-0.139568422,0.18990570853170477,80586.239,70887.777,69134.15666666668,68154.9,72959.17363636364,74463.71333333333,0,42,0,41
419,2026/4/2,68113.92,68653.38,65712.12,66901.99,20203.47916,00:00.0,1349223461.5270572,4189133,10090.6562,673815463.8757504,67116.746,69791.33249999999,68361.104,69731.40263157895,69827.04714285713,69649.15,66998.50166666666,67258.76,67768.48125,68078.28777777778,68315.45818181819,65000,65000,65000,65800.59,68113.92,2941.2600000000093,539.4600000000064,2401.800000000003,2941.2600000000093,2517.040000000001,2685.823231734434,4.318148184688254,0.062212273706057974,0.18473557215664355,80586.239,70887.777,69134.15666666668,68154.9,72959.17363636364,74463.71333333333,0,43,0,42
420,2026/4/3,66901.99,67370.42,66282,66964.3,11429.13131,00:00.0,763535606.9777882,2023104,5535.26988,369859409.32271767,67221.73799999998,69589.932,67960.65800000001,69504.56263157894,69653.74476190477,69320.6361111111,67080.95333333332,66984.71428571429,67214.16374999999,67672.20444444445,68228.45727272728,65000,65000,65000,65712.12,66901.99,1088.4199999999983,468.429999999993,619.9900000000052,1088.4199999999983,2453.4271428571437,2571.72300089626,1.6268873317520125,-0.434298854,0.22343052159583912,80586.239,70887.777,69134.15666666668,68154.9,72959.17363636364,74463.71333333333,0,44,0,43
421,2026/4/4,66964.29,67562.93,66775.91,67300.42,7373.51613,00:00.0,494932017.4232442,1356179,3701.32932,248489879.9959024,67412.41200000001,69377.5495,67601.414,69196.61842105263,69464.90190476191,68880.61555555556,67178.83166666667,67064.28857142858,66982.1625,67186.4011111111,67870.08,65000,65000,65000,65712.12,66964.3,787.0199999999895,598.6299999999901,188.38999999999942,787.0199999999895,2328.962857142857,2444.2442151179553,1.175282949272955,-0.354848944,0.11067901648444073,80586.239,70887.777,69134.15666666668,68154.9,72959.17363636364,74463.71333333333,0,45,0,44
422,2026/4/5,67300.42,69136.2,66611.66,69034.18,11733.46752,00:00.0,791661977.3234502,2106257,5791.55692,391091472.13861215,67513.02200000001,69101.80850000001,67197.803,68797.44736842105,69278.63857142857,68513.45222222221,67393.74666666666,67196.20142857142,67093.805,67017.52444444445,67574.0509090909,65000,65000,65000,65712.12,67300.42,2524.5399999999936,1835.7799999999988,688.7599999999948,2524.5399999999936,2350.1349999999998,2449.9796283238156,3.7511504385856638,0.5912988204177156,0.07685546453478677,80586.239,70887.777,69134.15666666668,68154.9,72959.17363636364,74463.71333333333,0,46,0,45
423,2026/4/6,69034.18,70351.46,68300,68853.66,20281.61044,00:00.0,1408020173.0961628,4695523,10149.79257,704797801.6383992,67662.962,68809.284,67219.18999999999,68540.85894736841,69098.58809523808,68390.54333333332,67766.54833333332,67628.09428571428,67425.94875,67309.40222222223,67364.74636363635,65000,65000,65000,66282,69034.18,2051.4600000000064,1317.2800000000134,734.179999999993,2051.4600000000064,2184.3885714285716,2421.5139405864006,2.9716583871931364,0.7285265762597006,0.16522977981852224,79324.876,69124.159,68252.59777777777,67992.875,70719.26818181817,72632.09083333334,0,47,0,46
424,2026/4/7,68853.66,72761,67732.01,71924.22,23750.49661,00:00.0,1649637855.842697,4871706,12465.18271,866730089.2310433,67810.91,68556.499,67463.828,68414.91789473685,68811.39714285714,68330.74666666666,67861.41166666667,67921.85,67781.29000000001,67584.58333333333,67367.77818181818,65000,65000,65000,66611.66,68853.66,5028.990000000005,3907.3399999999965,1121.6500000000087,5028.990000000005,2366.6785714285725,2607.762230544515,7.303881885145983,0.17103603189017758,0.09029429437354955,79324.876,69124.159,68252.59777777777,67992.875,70719.26818181817,72632.09083333334,0,48,0,47
425,2026/4/8,71924.22,72857,70707.23,71069.93,19802.68627,00:00.0,1418484188.0521238,3843988,9570.20189,685666276.8388308,68815.356,68590.383,68018.54699999999,68519.87684210527,68716.86666666667,68409.27388888889,68496.46166666667,68441.81285714285,68422.14625,68241.61555555556,67869.31818181818,65000,65000,65000,66611.66,71924.22,2149.770000000004,932.7799999999988,1216.9900000000052,2149.770000000004,2404.655714285716,2575.048499791336,2.9889375234100615,-0.166220118,0.017517346509660886,79324.876,69124.159,68252.59777777777,67992.875,70719.26818181817,72632.09083333334,0,49,0,48
426,2026/4/9,71069.93,73145,70466,71787.97,18158.42159,00:00.0,1300323816.009336,3773025,9604.31771,687990251.043167,69636.48199999999,68647.37950000001,68524.447,68549.30842105264,68708.45666666667,68528.81888888888,69191.11833333333,68864.1,68770.3275,68716.34444444445,68295.94545454545,65000,65000,65000,67732.01,71069.93,2679,2075.070000000007,603.929999999993,2679,2361.454285714287,2582.4736069490973,3.7695267182618584,-0.083032406,0.22112030233155114,79324.876,69124.159,68252.59777777777,67992.875,70719.26818181817,72632.09083333334,0,50,0,49
427,2026/4/10,71787.98,73434,71426.15,72962.7,17372.63288,00:00.0,1259195636.055663,3176308,8819.74841,639705902.5013963,70533.992,68711.2415,69023.507,68700.35315789473,68796.93142857144,68747.095,69995.06333333334,69562.09714285714,69229.58375,69105.6211111111,68821.1309090909,65000,65000,65000,67732.01,71787.97,2007.8500000000058,1646.0299999999988,361.820000000007,2007.8500000000058,2245.529285714287,2541.429063595591,2.7969170879187777,-0.043274065,0.5380916576917654,79324.876,69124.159,68252.59777777777,67992.875,70719.26818181817,72632.09083333334,0,51,0,50
428,2026/4/11,72962.71,73790,72513.09,73043.16,9070.94374,00:00.0,662437113.7096702,1472041,4673.47605,341269009.9930418,71319.696,68913.4705,69491.329,68968.96894736841,68913.6919047619,68861.33111111111,70938.77666666667,70419.01142857144,69987.1725,69644.37444444445,69381.61545454546,65000,65000,65000,70466,72962.7,1276.9100000000035,827.3000000000029,449.6100000000006,1276.9100000000035,2239.8192857142867,2451.1062733387635,1.7500860028480354,-0.477860161,0.5449332253184281,79324.876,69124.159,68252.59777777777,67992.875,70719.26818181817,72632.09083333334,0,52,0,51
429,2026/4/12,73043.16,73137.24,70505.88,70740.98,13472.46801,00:00.0,962825891.8165911,2068779,6326.31289,451853887.81102085,72157.59599999999,69172.6785,69984.253,69081.42736842106,69110.12238095238,68999.46555555555,71606.94,71239.40285714285,70747.03,70326.72666666667,69814.22272727272,65000,65000,65000,70466,73043.16,2631.3600000000006,94.08000000000175,2537.279999999999,2631.3600000000006,2275.595000000001,2463.9815395288515,3.6024728393459435,0.4852333336156265,0.3338306628336536,79324.876,69124.159,68252.59777777777,67992.875,70719.26818181817,72632.09083333334,0,53,0,52
430,2026/4/13,70741.56,74900,70566.99,74417.99,24230.21625,00:00.0,1753370318.184166,3673539,12639.79905,914783773.8511784,71920.948,69164.405,70368.15199999999,69091.12421052632,69247.35952380951,68966.37944444445,71921.49333333333,71483.23142857142,71177.09999999999,70746.35777777777,70053.04636363637,65000,65000,65000,70505.88,70740.98,4333.009999999995,4159.020000000004,173.9899999999907,4333.009999999995,2415.877142857144,2597.4835724196473,6.125176665632841,0.7984987035794047,0.4467061908907219,78520.425,68501.436,68298.22,68231.425,69271.14272727273,70721.0775,1,1,0,53
431,2026/4/14,74418,76038,73795.47,74131.55,26532.94456,00:00.0,1982728989.60722,4033448,13313.88956,995694440.9989892,72590.56,69357.4675,71113.521,69253.30631578948,69414.5757142857,69277.36166666666,72337.12166666666,72278.13571428572,71850.07625,71537.19888888887,70736.31909090909,65000,65000,65000,70505.88,74417.99,2242.529999999999,1620.0099999999948,622.5200000000041,2242.529999999999,2390.955000000001,2572.129745818244,3.01342457650361,0.09503540068487837,0.3686930564582508,78520.425,68501.436,68298.22,68231.425,69271.14272727273,70721.0775,1,2,1,1
432,2026/4/15,74131.55,75425,73514,74809.99,14425.04167,00:00.0,1071448612.537022,3187792,7014.01981,521112265.17116576,73059.276,69497.21849999999,71796.63399999999,69532.8452631579,69584.80476190476,69706.48777777777,72847.39166666668,72593.46857142857,72509.8125,72103.57333333333,71387.88727272727,65000,65000,65000,70505.88,74131.55,1911,1293.449999999997,617.5500000000029,1911,2403.7942857142866,2524.906192545512,2.5778497819079726,-0.456334685,0.4091254302154492,78520.425,68501.436,68298.22,68231.425,69271.14272727273,70721.0775,1,3,1,2
433,2026/4/16,74809.99,75534.76,73309.85,75154.29,17088.68777,00:00.0,1274894123.7496114,3581890,8601.69794,641950287.248219,73428.73400000001,69796.70249999998,72374.215,69975.09315789473,69750.20761904761,70174.98555555556,73351.06166666666,73127.76285714285,72870.53375,72765.38777777778,72070.57545454545,65000,65000,65000,70566.99,74809.99,2224.909999999989,724.7699999999895,1500.1399999999994,2224.909999999989,2352.626428571428,2503.477893077975,2.974081402764509,0.1846543088703605,0.5324353061710868,78520.425,68501.436,68298.22,68231.425,69271.14272727273,70721.0775,1,4,1,3
434,2026/4/17,75154.28,78333,74529.4,77072,25941.36694,00:00.0,1987343208.84067,4931167,14435.4773,1106587361.0045395,73850.95999999999,70234.053,73004.278,70437.0542105263,70051.8257142857,70682.95000000001,73716.32666666668,73608.66571428571,73381.07875,73124.28444444445,72626.9490909091,65000,65000,65712.12,73309.85,75154.29,3803.600000000006,3178.7100000000064,624.8899999999994,3803.600000000006,2546.567857142857,2596.34375785812,5.0610550641886265,0.5180432394312509,0.5824232939350905,78520.425,68501.436,68298.22,68231.425,69271.14272727273,70721.0775,1,5,1,4
435,2026/4/18,77072.01,77420.08,75445.16,75691.76,9141.84456,00:00.0,698008567.9340073,1941112,4333.78362,330918112.5519663,75117.164,70768.8015,73519.05600000001,71019.21578947367,70559.66952380953,71253.76277777778,74387.8,74195.70857142858,74041.5825,73791.18111111112,73374.07090909091,65000,65712.12,65712.12,73309.85,77072,1974.9199999999983,348.08000000000175,1626.8399999999965,1974.9199999999983,2631.4178571428574,2551.95634658254,2.5624351255968425,-0.647595881,0.4560838060119218,78520.425,68501.436,68298.22,68231.425,69271.14272727273,70721.0775,1,6,1,5
436,2026/4/19,75691.76,76240.66,73762.9,73801.79,11369.82232,00:00.0,854915370.4407915,2739751,5458.61875,410654487.0526324,75371.91799999999,71252.843,73981.239,71487.34157894737,71003.2280952381,71665.27833333334,75212.93000000001,74574.08,74382.715,74224.93555555555,73716.57454545455,65712.12,65712.12,65712.12,73309.85,75691.76,2477.7600000000093,548.9000000000087,1928.8600000000006,2477.7600000000093,2628.07642857143,2546.656607540931,3.273487100841636,0.2437120589151649,0.25694628208506887,78520.425,68501.436,68298.22,68231.425,69271.14272727273,70721.0775,1,7,1,6
437,2026/4/20,73801.8,76558.62,73724.31,75840.97,16993.41034,00:00.0,1280503914.3710752,3563591,8812.70109,664069175.9657189,75305.966,71603.064,74182.621,71777.72631578948,71374.22142857143,71981.2711111111,75110.23,75011.33857142857,74477.54375,74318.16777777778,73964.92545454545,65712.12,65712.12,65712.12,73762.9,73801.79,2834.3099999999977,2756.8300000000017,77.47999999999593,2834.3099999999977,2683.9942857142864,2567.2032784308644,3.840435306514921,0.49460649970825576,0.3422878431236389,77692.5145,68848.577,68850.35444444444,69001.22374999999,68983.28636363636,69648.69666666667,1,8,1,7
438,2026/4/21,75840.97,76927.57,74821.57,76336.15,14912.57132,00:00.0,1132118272.5583112,3616213,7672.96288,582659654.9138548,75512.16199999998,71980.8885,74470.448,72184.41315789473,71804.86904761905,72477.88111111111,75395.13333333333,75214.62142857142,75115.0425,74629.03555555554,74333.38,65712.12,65712.12,66282,73724.31,75840.97,2106,1086.6000000000058,1019.3999999999942,2106,2475.209285714286,2534.2601871143743,2.7768632178623243,-0.12244976,0.2473308640963456,77692.5145,68848.577,68850.35444444444,69001.22374999999,68983.28636363636,69648.69666666667,1,9,1,8
439,2026/4/22,76336.14,79472.82,76132.95,78178.23,19737.51225,00:00.0,1543732085.5463338,3757077,10376.12434,811313167.0703671,75748.534,72392,74799.747,72680.94789473685,72188.2819047619,72998.53944444444,75649.49333333333,75529.56428571428,75354.8125,75250.72111111111,74640.05727272727,65712.12,66282,66611.66,73724.31,76336.15,3339.87000000001,3136.670000000013,203.1999999999971,3339.87000000001,2560.2164285714293,2591.803745177634,4.375214102361738,0.3235485568829455,0.377579682523293,77692.5145,68848.577,68850.35444444444,69001.22374999999,68983.28636363636,69648.69666666667,1,10,1,9
440,2026/4/23,78178.22,78662.5,76960,78257.48,16970.79501,00:00.0,1321349698.354246,3571796,7760.75572,604322134.3078095,75969.78,72955.81199999999,75543.472,73271.1547368421,72667.53476190477,73602.86222222222,76153.48333333334,76010.74142857142,75860.64749999999,75668.52555555555,75106.88181818182,66282,66611.66,66611.66,73724.31,78178.23,1702.5,484.2700000000041,1218.229999999996,1702.5,2490.4664285714293,2528.2820490935173,2.1777162261156335,-0.140175581,0.3557183443051573,77692.5145,68848.577,68850.35444444444,69001.22374999999,68983.28636363636,69648.69666666667,1,11,1,10
441,2026/4/24,78257.48,78581.93,77264.08,77437.13,12675.14315,00:00.0,986932564.6001964,2581973,6148.06393,478778657.3533111,76482.924,73520.471,75927.421,73847.84210526316,73208.27238095237,74115.26777777779,76351.06333333334,76454.05428571429,76291.58374999999,76126.96222222221,75790.20000000001,66611.66,66611.66,67732.01,74821.57,78257.48,1317.8499999999913,324.4499999999971,993.3999999999942,1317.8499999999913,2441.180714285714,2441.8226170154085,1.683992380025515,-0.253120249,0.25091026137791633,77692.5145,68848.577,68850.35444444444,69001.22374999999,68983.28636363636,69648.69666666667,1,12,1,11
442,2026/4/25,77437.13,77885.35,77140.23,77625,5685.1142,00:00.0,440684004.3451535,806542,2999.85355,232567740.81986928,77209.992,74027.30649999999,76257.979,74290.10263157895,73706.97857142857,74592.12722222222,76641.95833333333,76506.21571428572,76576.93875,76418.86666666665,76064.66727272727,66611.66,67732.01,67732.01,76132.95,77437.13,745.1200000000099,448.22000000000116,296.90000000000873,745.1200000000099,2403.1957142857145,2320.62957294288,0.9622257436452123,-0.551475346,0.25539514609633335,77692.5145,68848.577,68850.35444444444,69001.22374999999,68983.28636363636,69648.69666666667,1,13,1,12
443,2026/4/26,77625,78961,77326.51,78657.55,7963.56162,00:00.0,621991973.5,1476971,3981.86566,311149594.60716605,77566.798,74456.8475,76539.48000000001,74751.75210526315,74198.62523809524,74908.83722222222,77279.16,76782.39285714286,76646.06375,76693.38999999998,76382.25363636365,67732.01,67732.01,70466,76960,77625,1634.4900000000052,1336,298.49000000000524,1634.4900000000052,2331.990714285715,2271.6196034469604,2.105623188405804,0.4007742570940791,0.47488298240523596,77692.5145,68848.577,68850.35444444444,69001.22374999999,68983.28636363636,69648.69666666667,1,14,1,13
444,2026/4/27,78657.55,79485.66,76459.64,77371.32,16046.92418,00:00.0,1247833550.0841925,2982889,7712.53219,600122422.5927734,78031.07800000001,74947.042,76889.806,75106.13789473684,74656.88095238095,75330.37166666666,77748.59,77476.07285714286,77016.7875,76869.56222222222,76732.03181818181,67732.01,70466,70466,77140.23,78657.55,3026.020000000004,828.1100000000006,2197.9100000000035,3026.020000000004,2238.634285714287,2325.505346057892,3.847081430835316,1.0150436382257815,0.2068188677843256,77105.62649999998,69831.074,70074.1488888889,70611.35875,69740.30181818182,69789.475,1,15,1,14
445,2026/4/28,77371.32,77478,75666.6,76342.77,13210.72383,00:00.0,1010412673.5550212,2352446,6518.95469,498681416.19895184,77869.696,75219.39700000001,76919.738,75437.79,75062.48380952382,75640.55777777778,77921.11833333333,77694.69428571429,77462.97875,77056.18000000001,76933.58,70466,70466,70505.88,76459.64,77371.32,1811.3999999999942,106.67999999999302,1704.7200000000012,1811.3999999999942,2207.8392857142867,2288.783535625185,2.3411775836317568,-0.176744173,0.14719975502423327,77105.62649999998,69831.074,70074.1488888889,70611.35875,69740.30181818182,69789.475,1,16,1,15
446,2026/4/29,76342.78,77904.93,74937.52,75780,18279.93022,00:00.0,1399735858.345528,3032890,9680.02112,741279741.5187618,77486.754,75483.039,76984.839,75677.51631578947,75272.89095238096,75828.33944444444,77615.20833333333,77695.64,77525.70375,77338.5111111111,76867.28636363636,70466,70505.88,70505.88,75666.6,76342.77,2967.409999999989,1562.159999999989,1405.25,2967.409999999989,2283.297142857143,2337.2568545091,3.8869561583893124,0.38371904940503154,0.06507413343275559,77105.62649999998,69831.074,70074.1488888889,70611.35875,69740.30181818182,69789.475,0,1,1,16
447,2026/4/30,75780,76669.14,75323.65,76346.57,10381.81607,00:00.0,790584591.6891539,2569480,5585.19124,425311383.2018324,77155.32800000001,75682.64050000001,77182.66,75825.7952631579,75497.18000000001,75980.3861111111,77202.295,77353.03571428571,77456.185,77331.73666666666,76875.30818181818,70505.88,70505.88,70505.88,74937.52,75780,1345.4900000000052,889.1399999999994,456.3500000000058,1345.4900000000052,2220.48142857143,2266.416364901307,1.7755212457112763,-0.432064787,0.07881019268263371,77105.62649999998,69831.074,70074.1488888889,70611.35875,69740.30181818182,69789.475,0,2,0,1
448,2026/5/1,76346.58,78914.12,76320.42,78231.13,17315.46502,00:00.0,1347837835.9195642,2388458,8322.98012,647849577.8083475,76899.642,75851.834,77233.22,75999.65894736843,75714.25619047618,76291.80777777778,77020.535,77080.04857142859,77227.22750000001,77332.89444444445,77106.65181818182,70505.88,70505.88,70566.99,74937.52,76346.57,2593.699999999997,2567.5499999999884,26.15000000000873,2593.699999999997,2134.060000000001,2289.7937674083564,3.3972711544212095,0.6678647457486693,0.0767872225552396,77105.62649999998,69831.074,70074.1488888889,70611.35875,69740.30181818182,69789.475,0,3,0,2
449,2026/5/2,78231.13,79199.48,78040,78686.85,6150.87642,00:00.0,482238389.4494098,936143,3297.03958,258534491.673966,76814.35800000001,76111.23250000001,77422.71800000001,76393.87736842105,75965.13380952382,76503.64888888889,77121.55666666667,77193.47714285715,77223.93375000001,77338.77222222224,77323.93909090909,70505.88,70566.99,73309.85,74937.52,78231.13,1159.479999999996,968.3499999999913,191.13000000000466,1159.479999999996,2075.814285714286,2209.057069736331,1.4821209919887337,-0.644775557,0.21135600384719153,77105.62649999998,69831.074,70074.1488888889,70611.35875,69740.30181818182,69789.475,0,4,0,3
450,2026/5/3,78686.84,79447,78084.08,78568.57,7425.7929,00:00.0,584294330.4516287,1352474,3464.91412,272683292.169375,77077.464,76508.526,77473.57999999999,76618.55421052632,76233.88095238095,76756.72111111111,77126.44,77345.17000000001,77380.14875000001,77386.48000000001,77537.6390909091,70566.99,73309.85,73309.85,75323.65,78686.85,1362.9199999999983,760.1499999999942,602.7700000000041,1362.9199999999983,1996.182857142857,2148.6187076123074,1.732081027516031,0.20727395462775378,0.38444440501487753,77105.62649999998,69831.074,70074.1488888889,70611.35875,69740.30181818182,69789.475,0,5,0,4
451,2026/5/4,78568.58,80776.99,78202,79861.01,26042.96135,00:00.0,2074174850.511439,3734604,13351.64548,1063054861.8782552,77522.62400000001,76716.055,77504.689,76852.08157894736,76606.62333333334,76965.53111111111,77325.98166666667,77332.45857142856,77498.095,77512.19555555558,77573.12454545456,73309.85,73309.85,73309.85,76320.42,78568.57,2574.9900000000052,2208.4199999999983,366.570000000007,2574.9900000000052,1977.6600000000003,2179.0737999257144,3.27737923701552,2.5070950268489174,0.34499673886894977,76625.44649999999,70923.591,71495.49333333333,72186.03,70625.39181818182,70475.99083333333,0,6,0,5
452,2026/5/5,79861.01,81791.48,79808.72,80905.52,16947.17995,00:00.0,1374319029.230936,2490930,8628.14977,699849788.9064542,78338.826,77002.528,77747.077,77117.92473684209,76865.81476190477,77227.01555555555,77912.355,77688.12857142858,77648.5275,77760.64111111111,77718.90000000001,73309.85,73309.85,73724.31,78040,79861.01,1982.7599999999948,1930.4700000000012,52.2899999999936,1982.7599999999948,1968.857142857143,2165.0513856453063,2.482763491220553,-0.349260642,0.37448542132929236,76625.44649999999,70923.591,71495.49333333333,72186.03,70625.39181818182,70475.99083333333,0,7,0,6
453,2026/5/6,80905.53,82850,80731.14,81447.01,18798.77396,00:00.0,1535650624.7612484,2794707,9976.68805,815009074.2302134,79250.61600000001,77307.3045,78075.129,77420.62105263158,77188.38476190476,77439.9888888889,78766.60833333334,78339.95,78090.3025,78010.41555555555,78034.20818181819,73309.85,73724.31,73724.31,78084.08,80905.52,2118.8600000000006,1944.479999999996,174.38000000000466,2118.8600000000006,1881.6421428571423,2161.752000956356,2.618931316429337,0.1092567622142937,0.2998567122334916,76625.44649999999,70923.591,71495.49333333333,72186.03,70625.39181818182,70475.99083333333,0,8,0,7
454,2026/5/7,81447.01,81708.32,79500,80006,16154.80338,00:00.0,1300766382.102334,2540329,7625.14879,614218758.7473308,79893.792,77621.9405,78354.075,77650.88473684211,77504.43333333333,77759.72499999999,79616.68166666666,79149.52285714286,78728.3325,78463.26999999999,78381.66363636364,73724.31,73724.31,73724.31,78202,81447.01,2208.320000000007,261.3100000000122,1947.0099999999948,2208.320000000007,1917.7721428571426,2165.078286602331,2.711357973730413,-0.140645905,0.1425861745589201,76625.44649999999,70923.591,71495.49333333333,72186.03,70625.39181818182,70475.99083333333,0,9,0,8
455,2026/5/8,80006,80500,79181.48,80193.17,16001.31009,00:00.0,1278566045.4172618,2265372,8328.38654,665600036.192464,80157.622,77768.64050000001,78617.54299999999,77877.95,77735.46714285715,78104.40333333335,79912.49333333333,79672.29857142859,79256.5825,78870.29555555555,78504.25,73724.31,73724.31,73724.31,79500,80006,1318.520000000004,494,824.5200000000041,1318.520000000004,1917.8200000000008,2104.6098375593074,1.6480263980201537,-0.009501403,0.23698248969000343,76625.44649999999,70923.591,71495.49333333333,72186.03,70625.39181818182,70475.99083333333,0,10,0,9
456,2026/5/9,80193.18,81080,80129.85,80678.4,7548.42177,00:00.0,607596225.98642,1002373,4032.72566,324554540.3255052,80482.54199999999,77993.711,79002.583,78214.33842105264,77884.09428571428,78346.19222222222,80163.54666666668,79952.59,79737.4075,79360.64777777779,78760.78181818181,73724.31,73724.31,74821.57,79181.48,80193.17,950.1499999999942,886.8300000000017,63.31999999999243,950.1499999999942,1932.4649999999997,2022.1484205907852,1.1848265880997026,-0.528262266,0.25600566106686945,76625.44649999999,70923.591,71495.49333333333,72186.03,70625.39181818182,70475.99083333333,0,11,0,10
457,2026/5/10,80678.41,82479.32,80279.77,82210.07,12034.31882,00:00.0,977223714.2634743,1801608,6395.8966,519505191.5151365,80646.01999999999,78337.5415,79492.423,78468.94,78121.55333333334,78587.42833333333,80515.185,80237.09714285714,80043.31624999999,79841.96222222222,79154.93,73724.31,74821.57,74937.52,79181.48,80678.4,2199.550000000003,1800.9200000000128,398.6299999999901,2199.550000000003,1972.826428571428,2034.819961977158,2.7263183206409685,0.5942827768088534,0.2858894915579297,76625.44649999999,70923.591,71495.49333333333,72186.03,70625.39181818182,70475.99083333333,0,12,0,11
458,2026/5/11,82210.07,82380,80462.97,81745.65,12951.76056,00:00.0,1053193670.8757555,2576396,6132.37349,498860919.4964037,80906.93000000001,78655.9965,80078.773,78778.09368421053,78521.94761904761,78811.41944444444,80906.69499999999,80757.31142857143,80483.71875,80284.06666666667,79739.48181818181,74821.57,74937.52,74937.52,79181.48,82210.07,1917.0299999999988,169.92999999999302,1747.1000000000058,1917.0299999999988,1893.6128571428562,2026.406393264504,2.3318676167043755,0.07623545243585306,0.37695475591532274,76303.00700000001,72566.951,73299.81222222223,73360.38375,71949.63454545454,71590.78166666666,0,13,0,12
459,2026/5/12,81745.66,81788,79843.59,80504.47,12386.25676,00:00.0,1000180167.440677,2345137,5716.20385,461739840.0868008,80966.658,78926.47150000001,80430.225,78965.85263157895,78803.12285714287,79005.20666666667,81046.71666666666,81026.5457142857,80880.85375000001,80623.93333333333,80230.30727272727,74937.52,74937.52,74937.52,80129.85,81745.65,1944.4100000000035,42.35000000000582,1902.0599999999977,1944.4100000000035,1903.1135714285713,2020.5495080313253,2.3786097486532967,-0.043662311,0.3521784680060179,76303.00700000001,72566.951,73299.81222222223,73360.38375,71949.63454545454,71590.78166666666,0,14,0,13
460,2026/5/13,80504.47,81324.64,78754.65,79313.61,14810.05643,00:00.0,1184929842.8688235,2350570,7161.64182,573129996.834195,81066.352,79042.7835,80611.987,79084.11526315789,79001.6142857143,79175.61444444444,80889.62666666666,80969.25285714286,80961.28625,80839.03333333333,80436.97454545455,74937.52,74937.52,74937.52,79843.59,80504.47,2569.9900000000052,820.1699999999983,1749.820000000007,2569.9900000000052,1874.7264285714296,2059.79525745766,3.19235689645557,0.19568459761203916,0.2839356180859117,76303.00700000001,72566.951,73299.81222222223,73360.38375,71949.63454545454,71590.78166666666,0,15,0,14
461,2026/5/14,79313.61,82048.13,78922,81089.99,19727.86807,00:00.0,1590656475.018797,3101046,10750.20775,867205459.8346943,80890.44,79095.59,80686.491,79182.87736842106,79055.68,79269.42611111111,80774.22833333333,80664.48142857142,80762.2975,80778.21111111112,80493.95272727273,74937.52,74937.52,74937.52,78754.65,79313.61,3126.1300000000047,2734.520000000004,391.6100000000006,3126.1300000000047,2001.9150000000009,2135.962024782113,3.9414799048990514,0.33205894003470715,0.3473780878977339,76303.00700000001,72566.951,73299.81222222223,73360.38375,71949.63454545454,71590.78166666666,0,16,0,15
462,2026/5/15,81090,81664.45,78659,79113.21,17351.27079,00:00.0,1387152674.368868,3184114,8333.17845,666666033.915996,80972.758,79278.23300000001,80809.389,79365.2452631579,79190.56142857143,79404.56166666668,80923.69833333333,80819.33714285714,80717.67,80798.70777777777,80723.17272727273,74937.52,74937.52,74937.52,78754.65,81089.99,3005.449999999997,574.4599999999919,2430.9900000000052,3005.449999999997,2031.325714285715,2198.068308726248,3.7063144291915644,-0.120469038,0.06416461896797153,76303.00700000001,72566.951,73299.81222222223,73360.38375,71949.63454545454,71590.78166666666,0,17,0,16
463,2026/5/16,79113.2,79227.77,77640,78148.05,12132.86192,00:00.0,949890656.658851,1597661,5776.31138,452258189.4353481,80353.386,79352.6435,80630.158,79389.22736842105,79270.37476190476,79501.33333333333,80662.83333333333,80665.05714285714,80606.07125000001,80539.39666666667,80655.1909090909,74937.52,74937.52,74937.52,78659,79113.21,1587.770000000004,114.55999999999767,1473.2100000000064,1587.770000000004,2061.917857142859,2154.4755723886587,2.0069593940127115,-0.300750817,0.03779307519753159,76303.00700000001,72566.951,73299.81222222223,73360.38375,71949.63454545454,71590.78166666666,0,18,0,17
464,2026/5/17,78148.05,78599.99,76735.16,77457.67,8442.7022,00:00.0,658061481.644852,1570433,3897.8677,303858886.908721,79633.86600000001,79327.1685,80300.26200000002,79430.10789473685,79295.28190476191,79601.62666666666,79985.83,80303.57857142857,80350.43125,80332.95777777777,80404.51181818183,74937.52,74937.52,74937.52,77640,78148.05,1864.8300000000017,451.9400000000023,1412.8899999999994,1864.8300000000017,2097.768571428573,2133.7866029323263,2.3862783524349,-0.30414586,0.07491563645579101,76303.00700000001,72566.951,73299.81222222223,73360.38375,71949.63454545454,71590.78166666666,0,19,0,18
465,2026/5/18,77457.67,77800,76051,77001.87,18745.51678,00:00.0,1439862031.891971,3529328,8916.45791,684998988.3253162,79024.50600000001,79331.486,80045.429,79488.78684210526,79238.14476190477,79694.83055555556,79271.16666666667,79624.66428571429,79947.84000000001,80029.01333333334,80041.84454545454,74937.52,74937.52,75323.65,76735.16,77457.67,1749,342.33000000000175,1406.6699999999983,1749,2038.769285714287,2106.3018455800175,2.2580075026785598,1.2203219225238104,0.20434046786586882,75778.25499999999,73715.598,73815.63777777778,74560.2175,73011.56181818181,72408.6375,0,20,0,19
466,2026/5/19,77001.88,77414.62,76144.71,76834.36,11024.85978,00:00.0,846904378.3078035,2315121,5680.77448,436435106.0620676,78562.15800000001,79364.44099999999,79726.299,79553.0957894737,79220.5519047619,79731.23611111111,78687.40000000001,78946.98142857142,79296.815,79620.51,79768.74181818182,74937.52,75323.65,76051,76051,77001.87,1269.909999999989,412.75,857.1599999999889,1269.909999999989,1987.8514285714296,2046.5595708957296,1.6491937143864026,-0.411866853,0.310419182861577,75778.25499999999,73715.598,73815.63777777778,74560.2175,73011.56181818181,72408.6375,0,21,0,20
467,2026/5/20,76834.36,77853.04,76516.74,77552.23,11296.26307,00:00.0,873091271.471635,2437754,5606.16242,433402000.2313096,77711.032,79417.159,79341.89499999999,79578.76894736841,79243.96095238095,79653.63777777778,78274.19166666667,78422.68000000001,78682.90375,79023.20888888888,79463.39545454545,75323.65,76051,76051,76051,76834.36,1336.2999999999884,1018.679999999993,317.61999999999534,1336.2999999999884,1931.9542857142858,1995.8267444031767,1.7391958493569653,0.024617391551078782,0.29302963866893567,75778.25499999999,73715.598,73815.63777777778,74560.2175,73011.56181818181,72408.6375,0,22,0,21
468,2026/5/21,77552.24,78200,76719.47,77615.52,11318.25841,00:00.0,878168697.2277491,2473146,5765.00854,447290745.1412532,77398.836,79477.44200000001,78876.111,79543.03736842105,79328.35285714285,79590.60333333333,77684.565,78171.05428571429,78313.87375,78557.27333333333,79179.19818181818,76051,76051,76051,76051,77552.23,1480.5299999999988,647.7700000000041,832.7599999999948,1480.5299999999988,1879.9692857142852,1959.019834088664,1.9090746971428145,0.001947134186208288,0.20064967222592342,75778.25499999999,73715.598,73815.63777777778,74560.2175,73011.56181818181,72408.6375,0,23,0,22
469,2026/5/22,77615.52,77900,75359.18,75539.5,11272.36134,00:00.0,866200460.9104595,2370783,5204.99076,400374654.6094489,77292.33,79446.6615,78463.098,79486.65157894736,79388.77904761906,79537.65611111111,77434.95,77674.70142857144,78101.6125,78236.27888888889,78761.51181818183,76051,76051,76051,76144.71,77615.52,2540.820000000007,284.4799999999959,2256.340000000011,2540.820000000007,1967.2764285714281,2000.5769887966171,3.2735978577480465,-0.004055135,0.337160162433508,75778.25499999999,73715.598,73815.63777777778,74560.2175,73011.56181818181,72408.6375,0,24,0,23
470,2026/5/23,75539.5,77404.18,74289.6,76752.01,15086.88814,00:00.0,1138996605.773816,2103536,7738.58719,584406871.6902983,76908.696,79289.29400000001,77966.601,79327.22684210527,79260.60619047619,79297.57222222221,77000.19166666667,77164.17142857143,77407.80125,77816.93333333333,78197.31636363636,75359.18,75359.18,75359.18,75359.18,75539.5,3114.579999999987,1864.679999999993,1249.8999999999942,3114.579999999987,2121.8785714285705,2080.1486324540006,4.123114397103485,0.3383964268838813,0.2702295897472502,75778.25499999999,73715.598,73815.63777777778,74560.2175,73011.56181818181,72408.6375,0,25,0,24
471,2026/5/24,76752,77543.15,76108,77064.96,8398.00156,00:00.0,644925517.611316,1612969,4513.13276,346628082.28819406,76858.724,79198.466,77710.44099999999,79163.5952631579,79168.47095238096,79066.82166666666,76882.58166666667,76964.73714285715,77112.65125,77334.93555555557,77856.18363636364,74289.6,74289.6,74289.6,74289.6,76752.01,1435.1499999999942,791.1399999999994,644.0099999999948,1435.1499999999942,2067.27857142857,2034.0773015644288,1.8698533106820192,-0.443357604,0.386527494701503,75778.25499999999,73715.598,73815.63777777778,74560.2175,73011.56181818181,72408.6375,1,1,0,25
472,2026/5/25,77064.96,77905.52,76914.25,77322.01,7672.32197,00:00.0,593868004.9975973,1778509,3644.38154,282126295.7074095,76904.844,79058.6635,77307.938,78961.46052631579,79096.87047619048,78823.37444444445,76893.09666666666,76908.6357142857,76977.265,77107.35222222221,77651.76090909091,74289.6,74289.6,74289.6,74289.6,77064.96,991.2700000000041,840.5599999999977,150.7100000000064,991.2700000000041,2001.152857142856,1959.5910657383986,1.2862784850598818,-0.086410985,0.3375860632152822,75055.0165,74140.56999999999,74838.52222222224,75941.97125,74020.08545454546,73349.345,1,2,1,1
473,2026/5/26,77322.01,78080,75677.97,75930.01,16953.47629,00:00.0,1299609317.6975915,3360745,7867.0405,603376144.8767151,76858.8,78879.488,77128.818,78744.3552631579,78975.96571428572,78674.26388888889,76974.37166666666,76954.37,76960.3075,77015.57,77309.21727272727,74289.6,74289.6,74289.6,74289.6,77322.01,2402.029999999999,757.9900000000052,1644.0399999999936,2402.029999999999,2033.8399999999986,1991.1938467570844,3.10652814121102,1.2096930181359422,0.34512348957615724,75055.0165,74140.56999999999,74838.52222222224,75941.97125,74020.08545454546,73349.345,1,3,1,2
474,2026/5/27,75930.01,76174.15,74243.99,74449.3,16877.77483,00:00.0,1270680262.9088244,3367068,7990.81792,601880855.3520991,76521.698,78603.638,76907.014,78529.8294736842,78739.03666666667,78437.42166666666,76704.00166666666,76825.17714285714,76826.325,76845.83,77019.83545454545,74289.6,74289.6,74289.6,75677.97,75930.01,1930.159999999989,244.13999999999942,1686.0199999999895,1930.159999999989,1988.1378571428545,1986.8342862744348,2.5420252150631732,-0.004465247,0.3591378288161983,75055.0165,74140.56999999999,74838.52222222224,75941.97125,74020.08545454546,73349.345,1,4,1,3
475,2026/5/28,74449.31,74590.77,72582.82,73617.51,21274.02026,00:00.0,1560808525.5072746,3799713,11285.37807,828070542.0512333,76303.658,78325.803,76606.177,78227.52052631578,78405.81238095238,78091.36055555556,76176.29833333334,76381.90142857144,76528.1925,76562.21111111112,76683.58545454545,74243.99,74243.99,74243.99,74243.99,74449.3,2007.949999999997,141.47000000000116,1866.479999999996,2007.949999999997,1908.267857142854,1988.3425515405463,2.697070355261899,0.26047541659257956,0.5930624405740776,75055.0165,74140.56999999999,74838.52222222224,75941.97125,74020.08545454546,73349.345,1,5,1,4
476,2026/5/29,73617.52,74514.1,72512.49,73460.78,18686.74141,00:00.0,1376106492.906427,2897318,10668.37212,786121889.890037,75676.758,77997.02,76267.74100000001,77855.8947368421,78101.59857142858,77613.9961111111,75855.96666666666,75810.75714285714,76036.3525,76204.78333333334,76334.48,72582.82,72582.82,72582.82,72582.82,73617.51,2001.6100000000006,896.5900000000111,1105.0199999999895,2001.6100000000006,1836.564999999997,1989.2902264305073,2.718931949749456,-0.121616827,0.5243553433881021,75055.0165,74140.56999999999,74838.52222222224,75941.97125,74020.08545454546,73349.345,1,6,1,5
477,2026/5/30,73460.78,74143.76,73216,73884.38,7515.40909,00:00.0,553989386.1115208,1124406,4118.11087,303592073.2673063,74955.92199999999,77636.139,75930.383,77395.40578947368,77781.00857142858,77153.72555555556,75307.42833333333,75513.79714285713,75517.01,75750.17777777778,76012.56272727273,72512.49,72512.49,72512.49,72512.49,73460.78,927.7599999999948,682.9799999999959,244.77999999999884,927.7599999999948,1789.421428571425,1913.4666388283279,1.2629324110089692,-0.597821315,0.4164468202933746,75055.0165,74140.56999999999,74838.52222222224,75941.97125,74020.08545454546,73349.345,1,7,1,6
478,2026/5/31,73884.38,74275.66,73400,73674.39,6986.45707,00:00.0,515907532.5891972,1363437,3407.47243,251629752.0865094,74268.396,77219.8545,75563.59800000001,76981.6547368421,77457.48380952381,76785.94277777779,74777.33166666667,75104.1357142857,75310.12,75335.60666666666,75744.38272727274,72512.49,72512.49,72512.49,72512.49,73884.38,875.6600000000035,391.27999999999884,484.38000000000466,875.6600000000035,1718.7664285714252,1839.3375931977334,1.1851760818727903,-0.070382332,0.38771774843111667,75055.0165,74140.56999999999,74838.52222222224,75941.97125,74020.08545454546,73349.345,1,8,1,7
479,2026/6/1,73674.39,74092,70686.68,71408.9,23921.09184,00:00.0,1723958338.6828775,4237773,11600.30396,835109172.1168073,73817.272,76816.2915,75169.48500000002,76622.17684210527,77051.02285714286,76472.65277777778,74169.395,74619.76857142858,74925.4175,75128.37222222221,75391.8518181818,72512.49,72512.49,72512.49,72512.49,73674.39,3405.320000000007,417.6100000000006,2987.7100000000064,3405.320000000007,1837.074999999997,1951.1934793978958,4.622121744068742,2.423923113006404,0.4835068221246544,74188.05350000001,74722.109,75690.01777777777,76521.9975,74098.19,73991.27750000001,1,9,1,8
480,2026/6/2,71408.9,71408.9,66193,66760.83,32858.19586,00:00.0,2253348577.983128,6250677,15675.4915,1074442481.8457325,73209.192,76361.513,74756.425,76206.1394736842,76558.79666666666,75934.81444444443,73415.87666666666,73775.03857142858,74218.41,74534.69333333333,74827.61363636363,70686.68,70686.68,70686.68,70686.68,71408.9,5215.899999999994,0,5215.899999999994,5215.899999999994,2118.931428571426,2184.386802298046,7.304271596397641,0.3736076964955124,0.6277097495208904,74188.05350000001,74722.109,75690.01777777777,76521.9975,74098.19,73991.27750000001,1,10,1,9
481,2026/6/3,66760.84,67516,64092.49,64142.75,30138.3065,00:00.0,1998349981.892944,6676358,14567.29572,967367597.5473664,71837.856,75733.874,73757.307,75451.97315789474,75904.33761904763,75248.57111111112,72134.465,72465.1557142857,72898.2625,73389.79,74029.55272727273,66193,66193,66193,66193,66760.83,3423.510000000002,755.1699999999983,2668.340000000004,3423.510000000002,2268.0178571428555,2272.8956021339,5.128021925431427,-0.082776589,0.747117829674627,74188.05350000001,74722.109,75690.01777777777,76521.9975,74098.19,73991.27750000001,1,11,1,10
482,2026/6/4,64142.75,64764.32,61383.56,63885.99,43577.17571,00:00.0,2759349733.489383,9057976,20172.82504,1278141865.0268295,69974.25,74886.512,72465.086,74664.05421052632,75181.91571428571,74470.49888888889,70555.33833333333,70992.79142857142,71424.855,71925.42777777778,72883.25636363636,64092.49,64092.49,64092.49,64092.49,64142.75,3380.760000000002,621.5699999999997,2759.1900000000023,3380.760000000002,2403.74857142857,2352.0287734100502,5.270681409824184,0.44590658104827496,0.7567919302157968,74188.05350000001,74722.109,75690.01777777777,76521.9975,74098.19,73991.27750000001,1,12,1,11
483,2026/6/5,63885.99,63978,59130.91,61056.47,55027.28807,00:00.0,3379021750.503328,11658856,24879.51775,1529682071.4700005,67974.572,74125.151,71121.48400000001,73913.4194736842,74362.67761904762,73716.51666666666,68959.54,69602.57428571428,70104.44125,70587.20333333332,71685.16818181818,61383.56,61383.56,61383.56,61383.56,63885.99,4847.0899999999965,92.01000000000204,4755.0799999999945,4847.0899999999965,2568.482142857141,2530.2474324521895,7.587093821352689,0.26275480623615666,0.7664905201038532,74188.05350000001,74722.109,75690.01777777777,76521.9975,74098.19,73991.27750000001,1,13,1,12
484,2026/6/6,61056.47,61530.05,59500,60884.62,19795.58877,00:00.0,1202325958.4682336,5000874,9473.55921,575481185.8910959,65450.988,73270.572,69634.13,73050.19842105263,73502.83285714286,72830.66111111111,66821.555,67830.53,68534.31125,69099.11111111111,70206.48272727273,59130.91,59130.91,59130.91,59130.91,61056.47,2030.050000000003,473.58000000000175,1556.4700000000012,2030.050000000003,2491.0157142857133,2494.5190444198906,3.3248728595020363,-0.640258689,0.8887008886785471,74188.05350000001,74722.109,75690.01777777777,76521.9975,74098.19,73991.27750000001,1,14,1,13
485,2026/6/7,60884.62,64234.68,60746,63332.01,26612.10443,00:00.0,1656650772.813708,4752461,14156.31067,882490717.5764754,63346.132000000005,72441.91949999999,68277.662,72201.92210526316,72680.76476190475,71944.56444444445,64689.92666666666,65973.42142857143,66962.29125000001,67684.34555555556,68838.72,59130.91,59130.91,59130.91,59130.91,60884.62,3488.6800000000003,3350.0599999999977,138.62000000000262,3488.6800000000003,2637.696428571428,2565.5305412470416,5.729985667973291,0.3443451841316465,0.6870243328462231,74188.05350000001,74722.109,75690.01777777777,76521.9975,74098.19,73991.27750000001,1,15,1,14
486,2026/6/8,63332.01,64200,62408,63085.99,23053.38624,00:00.0,1462563286.7512205,4887564,11227.99606,712684502.0653824,62660.367999999995,71758.4265,67249.112,71491.27210526315,72008.11428571428,71154.55222222224,63343.77833333333,64495.938571428575,65643.245,66558.92666666668,67828.05727272727,59130.91,59130.91,59130.91,59130.91,63332.01,1792,867.989999999998,924.010000000002,1792,2694.8914285714277,2510.278359729396,2.829532806553905,-0.133725546,0.7125848433273033,72670.997,74454.217,75056.44333333333,75595.87625,73686.64545454546,73201.00833333333,1,16,1,15
487,2026/6/9,63086,63526.01,60780,61730,21636.21959,00:00.0,1347322049.1623404,4347332,10357.23644,645037339.5456268,62449.01599999999,71071.008,66211.633,70729.89105263159,71345.45333333334,70347.35611111112,62731.30499999999,63306.95142857143,64319.695,65359.105555555565,66870.64636363636,59130.91,59130.91,59130.91,59500,63085.99,2746.010000000002,440.0200000000041,2305.989999999998,2746.010000000002,2719.461428571428,2527.1163340344397,4.3528047986565666,-0.061473253,0.7120658469888346,72670.997,74454.217,75056.44333333333,75595.87625,73686.64545454546,73201.00833333333,1,17,1,16
488,2026/6/10,61730,62857.99,60755,61510.99,15998.71652,00:00.0,986710883.5893748,4655686,7714.59491,475908655.4422775,62017.81799999999,70279.8965,64996.19499999999,69893.81105263159,70626.1980952381,69580.16166666668,62329.17999999999,62588.26142857143,63109.832500000004,64031.95111111112,65804.21181818181,59130.91,59130.91,59130.91,60746,61730,2102.989999999998,1127.989999999998,975,2102.989999999998,2731.8064285714286,2496.821595889123,3.4067552243641637,-0.260558599,0.6926182623499457,72670.997,74454.217,75056.44333333333,75595.87625,73686.64545454546,73201.00833333333,1,18,1,17
489,2026/6/11,61510.99,63933.02,61510.99,63625.99,17380.94642,00:00.0,1093211866.433885,3446803,8975.49366,564559048.5586231,62108.721999999994,69474.67,63779.855,69155.46842105263,69862.32952380952,68733.43833333334,61933.34666666667,62212.29571428571,62453.6025,62932.183333333334,64679.35818181818,59130.91,59130.91,59130.91,60755,61510.99,2422.029999999999,2422.029999999999,0,2422.029999999999,2761.3835714285715,2491.4793390398995,3.9375565244519706,0.08639629924513481,0.500489393142234,72670.997,74454.217,75056.44333333333,75595.87625,73686.64545454546,73201.00833333333,1,19,1,18
490,2026/6/12,63626,64394.44,62829.81,63580.01,16397.0524,00:00.0,1042661512.679604,3154052,8373.87233,532498396.6271599,62656.996,68878.9945,63001.564,68464.6252631579,69196.16142857142,67986.82888888888,62361.600000000006,62175.15285714286,62389.0075,62583.86777777777,63765.86727272728,59130.91,59130.91,59130.91,60755,63625.99,1564.6300000000047,768.4500000000044,796.1800000000003,1564.6300000000047,2730.170714285715,2425.275814822764,2.4591051549846292,-0.056607621,0.49770283713818064,72670.997,74454.217,75056.44333333333,75595.87625,73686.64545454546,73201.00833333333,1,20,1,19
491,2026/6/13,63580,64762.77,63418.66,64458.01,9960.74163,00:00.0,637302050.4867933,1489009,5326.34918,340833402.1496999,62706.596,68220.3945,62683.481999999996,67754.89105263159,68626.6619047619,67223.38444444445,62810.831666666665,62535.65857142857,62350.76,62521.341111111105,63054.15,59130.91,59130.91,59130.91,60755,63580.01,1344.1099999999933,1182.7599999999948,161.34999999999854,1344.1099999999933,2759.9100000000003,2348.0496851925664,2.1140449647617126,-0.392528524,0.46418970658095104,72670.997,74454.217,75056.44333333333,75595.87625,73686.64545454546,73201.00833333333,1,21,1,20
492,2026/6/14,64458.01,65800,63678.83,65746.45,13203.03375,00:00.0,853654539.2638302,2060901,6966.04602,450843680.3207427,62981,67590.04699999999,62715.007999999994,67077.83842105264,68041.23333333332,66586.05111111113,62998.49833333333,63046.142857142855,62775.9525,62584.898888888885,62844.80272727273,59130.91,59130.91,59130.91,61510.99,64458.01,2121.1699999999983,1341.989999999998,779.1800000000003,2121.1699999999983,2848.875,2331.843993393097,3.2907779808901925,0.3255070998162213,0.37071393835086686,72670.997,74454.217,75056.44333333333,75595.87625,73686.64545454546,73201.00833333333,1,22,1,21
493,2026/6/15,65746.45,67292.15,65354,66328.74,18559.80102,00:00.0,1230675240.537974,3140494,8827.32403,585352821.9493269,63784.29,67011.269,62901.05399999999,66541.86157894737,67502.25666666667,66102.55944444444,63441.90833333333,63391.06285714286,63383.68125,63106.007777777784,62990.59363636363,59130.91,59130.91,59130.91,62829.81,65746.45,1938.1499999999942,1545.699999999997,392.4499999999971,1938.1499999999942,2744.077142857142,2303.7229938650185,2.9479158190290033,0.40572245526525275,0.2578447295759609,71624.8015,74125.44399999999,74501.49555555556,74588.95874999999,73662.60181818182,73024.96250000001,1,23,1,22
494,2026/6/16,66328.74,66992,65360.92,65675.01,14302.05801,00:00.0,945125184.2518406,2964629,6709.60119,443519254.49336064,64747.840000000004,66531.2055,63428.281,66114.46368421052,66978.76761904762,65697.62777777779,64208.36499999999,63854.31285714286,63758.2725,63710.91,63212.66181818182,59130.91,59130.91,59130.91,63418.66,66328.74,1631.0800000000017,663.2599999999948,967.820000000007,1631.0800000000017,2488.0185714285712,2255.677065731803,2.4590848552226405,-0.229406716,0.06912502244066517,71624.8015,74125.44399999999,74501.49555555556,74588.95874999999,73662.60181818182,73024.96250000001,1,24,1,23
495,2026/6/17,65675.02,66445.93,63915.77,64509.4,19048.65409,00:00.0,1242898548.082235,3933123,9344.30808,609795592.7365174,65157.64400000001,66092.491,63907.31999999999,65696.43736842106,66490.43428571428,65265.085,64902.368333333325,64417.885714285716,64081.9,63971.24333333334,63632.52909090908,59130.91,59130.91,59130.91,63678.83,65675.01,2530.159999999996,770.9199999999983,1759.239999999998,2530.159999999996,2424.2078571428565,2275.2829896081025,3.852546044530479,0.33188203240968384,0.02571973520561016,71624.8015,74125.44399999999,74501.49555555556,74588.95874999999,73662.60181818182,73024.96250000001,1,25,1,24
496,2026/6/18,64509.4,64806,62272.07,62958.01,16935.59661,00:00.0,1076015381.1924088,3573931,8148.66252,517693581.0628108,65343.522,65637.0855,64025.058999999994,65225.312105263154,66017.10571428572,64744.252777777765,65049.60333333333,64846.229999999996,64429.325,64129.399999999994,63962.05454545454,59130.91,59130.91,59130.91,63915.77,64509.4,2533.9300000000003,296.59999999999854,2237.3300000000017,2533.9300000000003,2363.719999999999,2293.757776064667,3.9280011905241716,-0.11092949,0.05967632612267859,71624.8015,74125.44399999999,74501.49555555556,74588.95874999999,73662.60181818182,73024.96250000001,0,1,1,25
497,2026/6/19,62958.01,63666,62316.44,63543.91,14247.424,00:00.0,896102952.7753174,2671918,6709.20964,421981528.2738967,65043.522,65111.947,64012.261,64650.240000000005,65509.51047619047,64148.89833333333,64945.93666666667,64750.80428571429,64610.2025,64265.845555555556,63928.05454545454,59130.91,59130.91,59130.91,62272.07,62958.01,1349.5599999999977,707.989999999998,641.5699999999997,1349.5599999999977,2113.896428571428,2226.3150777743335,2.143587448205554,-0.158729136,0.18693280026439,71624.8015,74125.44399999999,74501.49555555556,74588.95874999999,73662.60181818182,73024.96250000001,0,2,0,1
498,2026/6/20,63543.9,64388,63184.21,64298.01,9522.10324,00:00.0,607077211.7557423,1970081,4669.85879,297796699.61223286,64603.014,64594.9235,64193.652,64117.05684210525,65037.278571428564,63711.954444444455,64793.58666666666,64745.647142857146,64599.942500000005,64491.72555555556,63969.68363636364,59130.91,59130.91,59130.91,62272.07,63543.91,1203.7900000000009,844.0899999999965,359.70000000000437,1203.7900000000009,2054.877857142856,2153.277572219024,1.8944222979039231,-0.331661412,0.24576476814117368,71624.8015,74125.44399999999,74501.49555555556,74588.95874999999,73662.60181818182,73024.96250000001,0,3,0,2
499,2026/6/21,64298.01,64588,63270,63311.99,8034.66333,00:00.0,514862175.7362123,1768294,3833.13382,245702909.4202356,64196.868,64126.1045,64472.35400000001,63742.79947368421,64580.78476190476,63575.13111111111,64552.18,64722.79,64689.692500000005,64566.39444444445,64203.13909090909,59130.91,59130.91,59130.91,62272.07,64298.01,1318,289.98999999999796,1028.010000000002,1318,1899.8292857142847,2093.614888489094,2.0498301580406606,-0.156209177,0.0016109460646879293,71624.8015,74125.44399999999,74501.49555555556,74588.95874999999,73662.60181818182,73024.96250000001,0,4,0,3
500,2026/6/22,63312,65622.83,63312,64020.01,15423.10851,00:00.0,995034557.156346,3521337,7677.53285,495354694.74254,63724.264,63721.259,64440.954000000005,63561.28157894736,64087.33714285713,63528.977777777785,64049.38833333333,64375.01,64546.44,64536.61444444445,64366.86636363636,59130.91,59130.91,59130.91,62316.44,63311.99,2310.8300000000017,2310.840000000004,0.010000000002037268,2310.840000000004,1936.889285714285,2109.1309678827306,3.6499247614867323,0.9195712224073986,0.07246374562816177,70941.9905,73382.545,73335.96222222222,72670.76375,73142.40272727273,72800.05083333333,0,5,0,4
501,2026/6/23,64020.01,64275.38,61938,62734.57,20222.99292,00:00.0,1268093221.2502334,3626190,9113.2674,571633628.7589369,63626.386,63584.21799999999,64484.954000000005,63554.82157894736,63735.485238095236,63536.42333333334,63773.555,64045.19142857143,64330.635,64487.94777777778,64402.68636363637,59130.91,59130.91,59130.91,63184.21,64020.01,2337.3799999999974,255.36999999999534,2082.010000000002,2337.3799999999974,1907.7014285714274,2125.4344701768214,3.6510147374234982,0.3112138131484883,0.0783661350829761,70941.9905,73382.545,73335.96222222222,72670.76375,73142.40272727273,72800.05083333333,0,6,0,5
502,2026/6/24,62734.57,63239.06,59102.7,61077.99,30678.28543,00:00.0,1871885814.3078947,5367531,14451.4544,882414090.5623845,63581.698,63513.808999999994,64312.61,63494.22052631579,63543.75857142857,63629.65111111111,63477.75,63625.12857142858,63881.363750000004,64153.294444444444,64325.82818181818,59130.91,59130.91,59500,61938,62734.57,4136.360000000001,504.48999999999796,3631.8700000000026,4136.360000000001,2052.942142857142,2269.072008021334,6.593430065751628,0.5170002556673989,0.030372110966906028,70941.9905,73382.545,73335.96222222222,72670.76375,73142.40272727273,72800.05083333333,0,7,0,6
503,2026/6/25,61078,61962.4,58115.01,59794,30386.00694,00:00.0,1822854100.0700865,5683275,14406.15352,865169997.7746557,63088.514,63373.409,63845.764,63495.35315789474,63397.817619047615,63640.39388888888,63164.41333333333,63134.92714285715,63306.73625,63569.87777777778,64018.553636363635,59102.7,59102.7,59102.7,59102.7,61077.99,3847.3899999999994,884.4100000000035,2962.979999999996,3847.3899999999994,2154.7535714285705,2381.8090074483816,6.29914311194589,-0.009527211,0.28542645370836667,70941.9905,73382.545,73335.96222222222,72670.76375,73142.40272727273,72800.05083333333,0,8,0,7
504,2026/6/26,59794.64,60759.99,58337,60097.27,27403.55723,00:00.0,1636102058.3778124,6019134,13907.49037,831252961.0007827,62187.712,63310.2855,63192.28999999999,63437.95210526315,63202.96095238095,63443.83777777777,62539.42833333334,62682.92571428572,62717.311250000006,62916.432222222225,63477.42181818182,58115.01,58115.01,58115.01,58115.01,59794,2422.989999999998,965.989999999998,1457,2422.989999999998,2216.0649999999987,2384.7505069163544,4.052229320667622,-0.098152078,0.25453453172509216,70941.9905,73382.545,73335.96222222222,72670.76375,73142.40272727273,72800.05083333333,0,9,0,8
505,2026/6/27,60097.27,60941.17,59855.16,60029,9587.22916,00:00.0,578765263.0698456,1763416,5067.9265,305951190.2586987,61544.768000000004,63270.918000000005,62634.516,63267.702631578955,63157.28476190476,63277.79777777777,61839.305,62190.54857142857,62359.71875,62426.195555555554,62910.92454545454,58115.01,58115.01,58115.01,58115.01,60097.27,1086.0099999999948,843.9000000000015,242.1099999999933,1086.0099999999948,2197.6292857142844,2291.9833278509,1.8070870773331213,-0.650146546,0.3440528856795055,70941.9905,73382.545,73335.96222222222,72670.76375,73142.40272727273,72800.05083333333,0,10,0,9
506,2026/6/28,60029.01,60545.01,58905,59577.01,8907.13796,00:00.0,533333220.8111167,2299232,4290.64588,257041890.3605781,60746.566000000006,63105.7675,62186.476,63106.80842105262,63116.54095238096,63183.29777777777,61292.14000000001,61580.689999999995,61920.354999999996,62100.75,62397.65090909091,58115.01,58115.01,58115.01,58115.01,60029,1640.010000000002,516.010000000002,1124,1640.010000000002,2163.260714285713,2245.413804432979,2.7320295190657884,-0.070937201,0.5125567020582941,70941.9905,73382.545,73335.96222222222,72670.76375,73142.40272727273,72800.05083333333,0,11,0,10
507,2026/6/29,59577.01,60780.57,58900.01,60260.21,20203.14178,00:00.0,1210648237.7440157,4884336,10334.16227,619595248.5255269,60115.054000000004,62930.31850000001,61848.376000000004,62993.49315789473,62937.73142857143,63075.85444444444,60551.64000000001,61047.12142857142,61330.229999999996,61659.98333333333,61949.25181818182,58115.01,58115.01,58115.01,58337,59577.01,1880.5599999999977,1203.5599999999977,677,1880.5599999999977,2159.147142857142,2219.352818402052,3.1565196037867587,1.2681967957303315,0.49998146242474817,70404.322,71960.067,71215.90222222223,70296.81875,72127.49636363635,72011.95333333334,1,1,0,11
508,2026/6/30,60260.2,60276.54,58201,58624.71,19639.82787,00:00.0,1157911191.4893565,3804809,8879.55126,523471695.1315744,59951.498,62856.829000000005,61520.005999999994,62927.66263157894,62803.17047619048,62888.86666666666,60139.246666666666,60510.00714285714,60948.7575,61211.338888888895,61703.99727272727,58115.01,58115.01,58115.01,58900.01,60260.21,2075.540000000001,16.330000000001746,2059.209999999999,2075.540000000001,2190.894285714285,2209.0804742304767,3.4442959956495356,-0.027882491,0.5373999182877891,70404.322,71960.067,71215.90222222223,70296.81875,72127.49636363635,72011.95333333334,1,2,1,1
509,2026/7/1,58624.71,61334,57800.19,60024,25093.44662,00:00.0,1491051306.8189511,4166849,12936.11295,769788015.5304813,59717.64,62712.515,60952.676,62664.437368421044,62655.299523809525,62613.572222222225,59730.36666666667,59922.88428571428,60274.344999999994,60690.53,61256.79727272727,58115.01,58115.01,58115.01,58201,58624.71,3533.8099999999977,2709.290000000001,824.5199999999968,3533.8099999999977,2262.583571428571,2303.7040117854426,6.027850713461948,0.27768159609639165,0.33591053968533136,70404.322,71960.067,71215.90222222223,70296.81875,72127.49636363635,72011.95333333334,1,3,1,2
510,2026/7/2,60024,62200,59588,61560,21382.14163,00:00.0,1308156569.720092,3883096,11394.85517,697154441.649651,59702.986,62532.4155,60623.877,62477.27894736841,62584.490476190476,62367.238333333335,59768.700000000004,59772.31428571428,59935.52374999999,60246.52888888889,60868.25090909091,57800.19,57800.19,57800.19,57800.19,60024,2612,2176,436,2612,2268.1599999999994,2325.725153800768,4.351592696254832,-0.147899372,0.10481744425700887,70404.322,71960.067,71215.90222222223,70296.81875,72127.49636363635,72011.95333333334,1,4,1,3
511,2026/7/3,61560,62979.86,61248.86,62583.26,14048.98627,00:00.0,870359931.583285,2571531,7249.98683,449356592.0794599,60009.186,62431.415,60377.876000000004,62324.75210526316,62486.11,62134.657777777786,60012.488333333335,60024.59999999999,59995.774999999994,60116.021111111106,60708.979090909095,57800.19,57800.19,57800.19,57800.19,61560,1731,1419.8600000000006,311.1399999999994,1731,2295.4057142857137,2283.244785672142,2.8118908382066277,-0.34295701,0.06973901137786573,70404.322,71960.067,71215.90222222223,70296.81875,72127.49636363635,72011.95333333334,1,5,1,4
512,2026/7/4,62583.26,63461.99,62328.24,63144.01,9139.8274,00:00.0,574233846.0826051,1643288,4753.53597,298756917.6260528,60610.436,62337.677500000005,60362.74500000001,62158.26842105263,62438.64571428572,61926.57555555556,60438.198333333334,60379.741428571426,60344.432499999995,60283.27333333333,60578.365454545456,57800.19,57800.19,57800.19,57800.19,62583.26,1133.75,878.7299999999959,255.02000000000407,1133.75,2290.4028571428566,2201.138015266989,1.8115866766927768,-0.349431537,0.08496802286620188,70404.322,71960.067,71215.90222222223,70296.81875,72127.49636363635,72011.95333333334,1,6,1,5
513,2026/7/5,63144.01,63999,62436.59,63650,9172.07758,00:00.0,577866444.607444,1790183,4565.93641,287772291.7213926,61187.195999999996,62207.5555,60569.34700000001,61990.651052631576,62376.07428571429,61785.96444444445,61032.698333333334,60824.74285714286,60725.275,60655.496666666666,60615.58727272728,57800.19,57800.19,57800.19,59588,63144.01,1562.4100000000035,854.989999999998,707.4200000000055,1562.4100000000035,2307.860714285714,2155.5145856050617,2.4743598007158614,0.0035285327160552438,0.025799237494780705,70404.322,71960.067,71215.90222222223,70296.81875,72127.49636363635,72011.95333333334,0,1,1,6
514,2026/7/6,63650.01,64700,61306.84,64042.02,21435.28437,00:00.0,1347956046.4032269,3777895,11556.55192,725800060.888562,62192.254,62073.618500000004,60954.94700000001,61884.07157894736,62276.24333333334,61738.22,61597.66333333334,61406.59857142857,61177.9,61050.24444444444,60849.40636363637,57800.19,57800.19,57800.19,61248.86,63650,3393.1600000000035,1050,2343.1600000000035,3393.1600000000035,2385.1692857142853,2243.917829490415,5.330966221523965,1.3370151618364314,0.0017214746334711893,70145.193,70459.312,69558.28333333334,67976.81,71204.60636363637,71421.03833333334,0,2,0,1
515,2026/7/7,64042.93,64314,62671.39,63363.99,16834.20823,00:00.0,1069267686.8886092,3282102,8128.20476,516256287.158328,62995.85799999999,61991.969000000005,61349.422,61859.472631578945,62167.35190476191,61798.442777777775,62500.54833333333,61946.857142857145,61736.02625,61496.13555555555,61235.59,57800.19,57800.19,57800.19,61306.84,64042.02,1642.6100000000006,271.9800000000032,1370.6299999999974,1642.6100000000006,2335.542857142857,2200.9672702410994,2.5648941117097817,-0.214649643,0.05168441157676641,70145.193,70459.312,69558.28333333334,67976.81,71204.60636363637,71421.03833333334,0,3,0,2
516,2026/7/8,63364,63761.99,61544.56,62290,18620.09796,00:00.0,1160087170.620036,3598487,8338.57026,519456686.0095176,63356.655999999995,61934.6985,61682.920999999995,61880.84,62057.30333333334,61788.447222222225,63057.213333333326,62623.897142857146,62123.99875,61916.911111111105,61532.564545454545,57800.19,57800.19,57800.19,61306.84,63363.99,2217.4300000000003,398,1819.4300000000003,2217.4300000000003,2198.4764285714286,2202.1431795095923,3.499511315496389,0.10608694543871633,0.10452371815040759,70145.193,70459.312,69558.28333333334,67976.81,71204.60636363637,71421.03833333334,0,4,0,3
517,2026/7/9,62290.01,63500,61705.29,63230,16742.80672,00:00.0,1050849813.269484,3176050,7922.48357,497503064.9628654,63298.00399999999,61901.297999999995,61954.219999999994,61814.84473684211,61951.61761904762,61676.891111111116,63178.88,62947.611428571436,62582.16,62142.44333333333,61738.10999999999,57800.19,57800.19,57800.19,61306.84,62290,1794.7099999999991,1210,584.7099999999991,1794.7099999999991,2051.8564285714283,2173.0408095446214,2.8812168887461858,-0.100820696,0.3053798762124498,70145.193,70459.312,69558.28333333334,67976.81,71204.60636363637,71421.03833333334,0,5,0,4
518,2026/7/10,63230.01,64692.83,62926.01,64161.72,17589.00122,00:00.0,1126097961.002051,2927425,8727.5029,558839184.585073,63315.202000000005,61885.6025,62251.199,61758.63368421053,61964.56952380952,61672.336111111115,63286.66999999999,63186.18285714286,62982.91,62654.142222222225,62070.2,57800.19,57800.19,57800.19,61544.56,63230,1766.8199999999997,1462.8300000000017,303.98999999999796,1766.8199999999997,2004.9871428571428,2144.0250374342913,2.7942748695239596,0.05054077934192369,0.342125132891015,70145.193,70459.312,69558.28333333334,67976.81,71204.60636363637,71421.03833333334,0,6,0,5
519,2026/7/11,64161.72,64504.11,63819,63819,9151.97432,00:00.0,587469874.5668087,1406178,3908.28562,250875418.84110928,63417.545999999995,61878.788,62804.9,61803.356315789475,61993.98904761905,61680.20888888889,63456.28833333333,63411.677142857145,63308.125,63113.88888888889,62424.882727272736,57800.19,57800.19,57800.19,61544.56,64161.72,685.1100000000006,342.3899999999994,342.72000000000116,685.1100000000006,1976.3514285714289,2039.8168204746992,1.0677862127137498,-0.479676293,0.31181969416962035,70145.193,70459.312,69558.28333333334,67976.81,71204.60636363637,71421.03833333334,0,7,0,6
520,2026/7/12,63819.01,64290.11,63640.83,63780,13914.83703,00:00.0,889938572.3679434,1919605,6757.00737,432156662.9830714,63372.941999999995,61904.1385,63184.4,61792.77684210526,61971.17904761905,61740.454999999994,63484.454999999994,63508.10428571428,63462.5925,63364.88888888889,62897.09090909091,57800.19,57800.19,57800.19,61705.29,63819,649.2799999999988,471.1100000000006,178.16999999999825,649.2799999999988,1905.5850000000003,1940.4927618693637,1.0173772700919772,0.5204191514820597,0.35796114115152705,70145.193,70459.312,69558.28333333334,67976.81,71204.60636363637,71421.03833333334,0,8,0,7
521,2026/7/13,63780,64425,61824.97,62334.52,21682.50204,00:00.0,1361096729.9510434,3349712,9861.43724,618891429.7354479,63456.14399999999,61892.138,63406.4,61847.79947368421,61993.46523809524,61890.566666666666,63440.785,63526.67571428571,63542.09125,63497.86,63238.545454545456,57800.19,57800.19,57800.19,62926.01,63780,2600.029999999999,645,1955.0299999999988,2600.029999999999,1956.9757142857145,1987.6025645929806,4.076560050172466,0.558228960443671,0.16589503149041995,69952.023,68980.45499999999,67510.49777777778,66267.10125,69852.10181818182,70585.88916666668,0,9,0,8
522,2026/7/14,62334.52,65100,62272.2,65043.98,20552.41384,00:00.0,1310854500.6805303,3080945,10847.48978,692544328.0713369,63465.047999999995,61872.1355,63381.526,61913.932631578944,61913.20380952381,62031.706666666665,63269.206666666665,63282.74714285714,63377.65625,63407.916666666664,63308.95636363637,57800.19,57800.19,57800.19,61824.97,62334.52,2827.800000000003,2765.480000000003,62.31999999999971,2827.800000000003,2010.7085714285718,2047.6166671220537,4.536491176959417,-0.052119824,0.47278001960531435,69952.023,68980.45499999999,67510.49777777778,66267.10125,69852.10181818182,70585.88916666668,1,1,0,9
523,2026/7/15,65043.99,65600,64485,64756.28,18401.89741,00:00.0,1195648323.7685184,2668919,9009.48362,585447811.8448781,63827.844,62070.435,63571.523,62190.24736842105,62023.17571428571,62306.523888888885,63728.20333333334,63522.74571428571,63502.901249999995,63562.80333333333,63532.65818181818,57800.19,57800.19,57800.19,61824.97,65043.98,1115,556.0199999999968,558.9800000000032,1115,1837.9364285714291,1981.00119089905,1.7142247445497645,-0.104635711,0.37961129846305014,69952.023,68980.45499999999,67510.49777777778,66267.10125,69852.10181818182,70585.88916666668,1,2,1,1
524,2026/7/16,64756.28,64997.52,63748.74,63830.2,18764.52679,00:00.0,1206498386.3771937,2813481,9007.30607,579112000.2267197,63946.755999999994,62318.549,63682.15099999999,62435.45842105263,62198.33238095238,62569.150555555556,63982.583333333336,63875.07142857143,63676.9375,63642.165555555555,63679.22818181817,57800.19,57800.19,57800.19,61824.97,64756.28,1248.7799999999988,241.23999999999796,1007.5400000000009,1248.7799999999988,1740.563571428572,1928.6996772634036,1.9284307251744526,0.019706086384490895,0.1914778765538773,69952.023,68980.45499999999,67510.49777777778,66267.10125,69852.10181818182,70585.88916666668,1,3,1,2
525,2026/7/17,63830.2,64387.99,62537.56,63931.67,18189.89389,00:00.0,1152546029.3402517,3239296,8618.43801,545926712.6785715,63948.996,62505.195499999994,63660.969000000005,62635.521578947366,62390.532380952376,62805.438888888886,63927.329999999994,63960.81428571429,63869.4625,63693.966666666674,63695.60999999999,57800.19,57800.19,57800.19,62272.2,63830.2,1850.4300000000003,557.7900000000009,1292.6399999999994,1850.4300000000003,1749.0942857142861,1923.1089860303034,2.8989882532092963,-0.030623362,0.12331803910762096,69952.023,68980.45499999999,67510.49777777778,66267.10125,69852.10181818182,70585.88916666668,1,4,1,3
526,2026/7/18,63931.67,64865,63886.65,64834.22,8031.18012,00:00.0,515954648.6863699,1088701,4100.21428,263412780.44647872,63979.329999999994,62700.32899999999,63717.737,62864.71421052632,62573.12285714285,63009.40888888888,63946.10833333333,63927.950000000004,63957.17125,63876.374444444446,63685.57818181818,57800.19,57800.19,57800.19,62537.56,63931.67,978.3499999999985,933.3300000000017,45.0199999999968,978.3499999999985,1737.9942857142862,1855.626201313853,1.530305715461521,-0.5584812,0.14989167459620725,69952.023,68980.45499999999,67510.49777777778,66267.10125,69852.10181818182,70585.88916666668,0,1,1,4
527,2026/7/19,64834.21,64967.25,64280,64722.54,8379.91474,00:00.0,541559101.9129945,1464337,4281.97001,276728781.2650717,64479.27,62963.1895,63972.15900000001,63105.45157894737,62801.94285714286,63354.381666666675,64121.81166666667,64072.98142857143,64041.23375,64054.621111111104,63819.235454545465,57800.19,57800.19,57800.19,62537.56,64834.22,687.25,133.02999999999884,554.2200000000012,687.25,1675.4828571428573,1772.1707583628636,1.0600112101294654,0.04342258731460258,0.0985618320329183,69952.023,68980.45499999999,67510.49777777778,66267.10125,69852.10181818182,70585.88916666668,0,2,0,1
528,2026/7/20,64722.55,65799,63100,65255.51,21323.48702,00:00.0,1379182710.2630444,3606847,10104.82668,654547128.9054285,64414.981999999996,63186.306,64121.413,63426.39000000001,63046.96809523809,63615.41166666666,64519.814999999995,64207.630000000005,64154.176250000004,64116.93444444445,64040.37545454546,57800.19,57800.19,59588,62537.56,64722.54,2699,1076.4599999999991,1622.5400000000009,2699,1625.8999999999999,1838.3728470512306,4.170108280670073,1.5445947460797198,0.11008858870427359,69899.3265,67231.702,66095.48333333334,64724.298749999994,68593.37181818183,69424.63833333332,0,3,0,2
529,2026/7/21,65255.51,66956.15,65148.75,66556.16,18618.28087,00:00.0,1232802690.07422,3005241,9545.80868,632017323.4732311,64514.828,63517.846,64230.791999999994,63701.732631578954,63284.83952380952,63820.717777777776,64555.07,64624.91428571429,64338.615000000005,64276.54666666667,64224.512727272726,57800.19,59588,61248.86,63100,65255.51,1807.3999999999942,1700.6399999999921,106.76000000000204,1807.3999999999942,1637.6707142857138,1836.1605008332854,2.7697277976986068,-0.126865092,0.27411259485424444,69899.3265,67231.702,66095.48333333334,64724.298749999994,68593.37181818183,69424.63833333332,0,4,0,3
530,2026/7/22,66556.15,66739.89,65553.67,66114.49,18074.86602,00:00.0,1193958918.306832,3381825,8854.46937,585011981.671543,65060.02,63844.454000000005,64504.507999999994,63964.68842105263,63662.52761904762,64041.43444444445,64855.05000000001,64840.94,64866.32,64585.008888888886,64442.18909090909,59588,61248.86,61306.84,63100,66556.16,1186.2200000000012,183.72999999999593,1002.4900000000052,1186.2200000000012,1564.0128571428565,1789.7361793451937,1.7822843144796832,-0.029187166,0.3472657686489809,69899.3265,67231.702,66095.48333333334,64724.298749999994,68593.37181818183,69424.63833333332,0,5,0,4
531,2026/7/23,66114.5,66313.14,64650,65098.97,14698.22673,00:00.0,959991207.460394,2557299,7036.32429,459602971.04271406,65496.583999999995,64072.1785,64737.956999999995,64150.54263157895,63952.55095238095,64206.461111111115,65235.76500000001,65034.969999999994,65000.13375,65005.005555555545,64650.869999999995,61248.86,61306.84,61306.84,63100,66114.49,1663.1399999999994,198.64999999999418,1464.4900000000052,1663.1399999999994,1554.6149999999996,1780.6935951062512,2.5155453819578724,-0.18681407,0.16854771582149267,69899.3265,67231.702,66095.48333333334,64724.298749999994,68593.37181818183,69424.63833333332,0,6,0,5
532,2026/7/24,65098.98,65808.59,63739.75,64139.99,16821.2718,00:00.0,1086879409.1640515,2467691,8133.22286,525535644.02044624,65549.53400000001,64197.964,65014.402,64253.435263157895,64121.073333333334,64286.959444444445,65430.315,65216.22285714286,65042.97,65011.11555555556,64770.77636363636,61306.84,61306.84,61306.84,64650,65098.97,2068.8399999999965,709.6199999999953,1359.2200000000012,2068.8399999999965,1576.1878571428565,1801.2754811700902,3.1779919098566327,0.14444225885199669,0.001954852180607794,69899.3265,67231.702,66095.48333333334,64724.298749999994,68593.37181818183,69424.63833333332,0,7,0,6
533,2026/7/25,64140,64475.28,63810,64375,8863.0503,00:00.0,568282056.0835841,1005338,4621.49495,296311657.9259438,65433.024,64247.763,64924.00299999999,64279.224210526314,64195.20333333333,64292.40222222222,65314.60999999999,65245.98285714286,65081.69375,64942.63888888889,64934.91,61306.84,61306.84,61544.56,63739.75,64139.99,665.2799999999988,335.2900000000009,329.98999999999796,665.2799999999988,1574.7714285714278,1720.132946800798,1.037231218776303,-0.473104626,0.050507711510080044,69899.3265,67231.702,66095.48333333334,64724.298749999994,68593.37181818183,69424.63833333332,0,8,0,7
534,2026/7/26,64375.01,65577,64293.81,65399.99,7933.06089,00:00.0,513834097.46235937,1138023,4091.47971,265047345.63367552,65256.922,64284.013,64885.875,64296.74947368421,64253.821904761906,64348.569444444445,65256.68666666667,65180.380000000005,65137.11,65003.17222222223,64874.09363636363,61306.84,61544.56,61544.56,63739.75,64375,1283.1900000000023,1202,81.19000000000233,1283.1900000000023,1620.0507142857136,1688.922736315027,1.9933048543689356,-0.10492882,0.1350643352082916,69899.3265,67231.702,66095.48333333334,64724.298749999994,68593.37181818183,69424.63833333332,0,9,0,8
535,2026/7/27,65400,65744.6,63605.56,63755.86,14791.90543,00:00.0,961311197.9853868,2921636,6694.82928,435156822.3178757,65025.688,64351.9115,65042.85400000001,64403.90736842105,64337.15476190476,64521.346666666665,65280.76666666666,65277.15857142857,65207.83125,65166.31888888889,64932.612727272724,61544.56,61544.56,61705.29,63739.75,65399.99,2139.040000000008,344.61000000000786,1794.4300000000003,2139.040000000008,1587.1228571428571,1721.0739694353827,3.27070386402201,0.8645899275330031,0.11657150168203649,69899.3265,67231.702,66095.48333333334,64724.298749999994,68593.37181818183,69424.63833333332,0,10,0,9
